,product_category,brand,model_specifications,current_promotions,price,shipping,page_number,product_links,image_link
0,Laptops / Notebooks,HP,"HP 17.3"" HD+ Customized Laptop | Quad-Core Intel Core i5-8265U Mobile Processor | 8GB RAM 128GB SSD | DVD-RW | HDMI | Wifi | Bluetooth | Windows 10 Black",,673.53,Free Shipping,1,https://www.newegg.com/p/1TS-000D-07266?Item=9SIAJZDAK03926,//c1.neweggimages.com/ProductImageCompressAll300/AJZD_1_20191115704199485.jpg
1,Laptops / Notebooks,HP,"HP 17.3"" HD+ Customized Laptop | Quad-Core Intel Core i5-8265U Mobile Processor | 12GB RAM 128GB SSD | DVD-RW | HDMI | Wifi | Bluetooth | Windows 10 Black",,705.23,Free Shipping,1,https://www.newegg.com/p/1TS-000D-07269?Item=9SIAJZDAK03929,//c1.neweggimages.com/ProductImageCompressAll300/AJZD_1_20191115704199485.jpg
2,Laptops / Notebooks,HP,"HP 17.3"" HD+ Customized Laptop | Quad-Core Intel Core i5-8265U Mobile Processor | 8GB RAM 512GB SSD | DVD-RW | HDMI | Wifi | Bluetooth | Windows 10 Black",,736.93,Free Shipping,1,https://www.newegg.com/p/1TS-000D-07262?Item=9SIAJZDAK03919,//c1.neweggimages.com/ProductImageCompressAll300/AJZD_1_20191115704199485.jpg
3,Laptops / Notebooks,HP,"HP 17.3"" HD+ Customized Laptop | Quad-Core Intel Core i5-8265U Mobile Processor | 12GB RAM 512GB SSD | DVD-RW | HDMI | Wifi | Bluetooth | Windows 10 Black",,768.62,Free Shipping,1,https://www.newegg.com/p/1TS-000D-07263?Item=9SIAJZDAK03923,//c1.neweggimages.com/ProductImageCompressAll300/AJZD_1_20191115704199485.jpg
4,Laptops / Notebooks,HP,"HP 17 Business Laptop - Windows 10 Pro - Intel Quad-Core i5-8250U, 16GB RAM, 1TB HDD, 17.3"" HD+ (1600x900) Display,  SD Card Reader, DVD+-RW Burner",,"1,209.99",Free Shipping,1,https://www.newegg.com/silver-17-3-hp-laptop-everyday-value/p/1TS-000D-03GV8?Item=9SIA8TK8UA9112,//c1.neweggimages.com/ProductImageCompressAll300/A8TK_1_2019030158504158.jpg
5,Laptops / Notebooks,HP,"HP 17.3"" HD+ Customized Premium Laptop | Intel Core i5-7200U Processor | 8GB RAM 500GB HDD | DVD-RW | Backlit Keyboard | HDMI | Windows 10 Black",,685.75,Free Shipping,1,https://www.newegg.com/p/1TS-000D-072F8?Item=9SIAJZDAK05053,//c1.neweggimages.com/ProductImageCompressAll300/AJZD_1_201911151141222203.jpg
6,Laptops / Notebooks,HP,"HP 17.3"" HD+ Customized Premium Laptop | Intel Core i5-7200U Processor | 16GB RAM 512GB SSD 500GB HDD | DVD-RW | Backlit Keyboard | HDMI | Windows 10 Black",,812.25,Free Shipping,1,https://www.newegg.com/p/1TS-000D-072P9?Item=9SIAJZDAK05126,//c1.neweggimages.com/ProductImageCompressAll300/AJZD_1_201911151141222203.jpg
7,Laptops / Notebooks,HP,"HP 17.3"" HD+ Customized Laptop | Quad-Core Intel Core i5-8265U Mobile Processor | 16GB RAM 256GB SSD | DVD-RW | HDMI | Wifi | Bluetooth | Windows 10 Black",,760.70,Free Shipping,1,https://www.newegg.com/p/1TS-000D-07265?Item=9SIAJZDAK03925,//c1.neweggimages.com/ProductImageCompressAll300/AJZD_1_20191115704199485.jpg
8,Laptops / Notebooks,HP,"HP 17.3"" HD+ Customized Laptop | Quad-Core Intel Core i5-8265U Mobile Processor | 12GB RAM 256GB SSD | DVD-RW | HDMI | Wifi | Bluetooth | Windows 10 Black",,729.00,Free Shipping,1,https://www.newegg.com/p/1TS-000D-07259?Item=9SIAJZDAK03916,//c1.neweggimages.com/ProductImageCompressAll300/AJZD_1_20191115704199485.jpg
9,Laptops / Notebooks,HP,"HP 17.3"" HD+ Customized Laptop | Quad-Core Intel Core i5-8265U Mobile Processor | 16GB RAM 512GB SSD | DVD-RW | HDMI | Wifi | Bluetooth | Windows 10 Black",,800.32,Free Shipping,1,https://www.newegg.com/p/1TS-000D-07270?Item=9SIAJZDAK03930,//c1.neweggimages.com/ProductImageCompressAll300/AJZD_1_20191115704199485.jpg
10,Laptops / Notebooks,HP,"HP 17.3"" HD+ Customized Laptop | Quad-Core Intel Core i5-8265U Mobile Processor | 16GB RAM 128GB SSD | DVD-RW | HDMI | Wifi | Bluetooth | Windows 10 Black",,736.93,Free Shipping,1,https://www.newegg.com/p/1TS-000D-07276?Item=9SIAJZDAK03938,//c1.neweggimages.com/ProductImageCompressAll300/AJZD_1_20191115704199485.jpg
11,Laptops / Notebooks,HP,"HP 17.3"" HD+ Customized Laptop | Quad-Core Intel Core i5-8265U Mobile Processor | 8GB RAM 1024GB SSD | DVD-RW | HDMI | Wifi | Bluetooth | Windows 10 Black",,832.01,Free Shipping,1,https://www.newegg.com/p/1TS-000D-07264?Item=9SIAJZDAK03924,//c1.neweggimages.com/ProductImageCompressAll300/AJZD_1_20191115704199485.jpg
12,Laptops / Notebooks,HP,"HP 17.3"" HD+ Customized Laptop | Quad-Core Intel Core i5-8265U Mobile Processor | 8GB RAM 256GB SSD | DVD-RW | HDMI | Wifi | Bluetooth | Windows 10 Black",,697.31,Free Shipping,1,https://www.newegg.com/p/1TS-000D-07268?Item=9SIAJZDAK03928,//c1.neweggimages.com/ProductImageCompressAll300/AJZD_1_20191115704199485.jpg
13,Laptops / Notebooks,HP,"Newest HP 17.3"" diagonal HD+ 1600 x 900 SVA BrightView Laptop | Intel Core i5-8265U|8GB DDR4|256GB M.2 SSD| DVD+/-Writer | HDMI | HD Wecam |Windows 10",,639.99,Free Shipping,1,https://www.newegg.com/p/1TS-000D-082S4?Item=9SIAEYJAX89957,//c1.neweggimages.com/ProductImageCompressAll300/AEYJ_1_202001011119393287.jpg
14,Laptops / Notebooks,HP,"HP 17.3"" HD+ Customized Premium Laptop | Intel Core i5-7200U Processor | 32GB RAM 128GB SSD 1TB HDD | DVD-RW | Backlit Keyboard | HDMI | Windows 10 Black",,918.77,Free Shipping,1,https://www.newegg.com/p/1TS-000D-072T9?Item=9SIAJZDAK05158,//c1.neweggimages.com/ProductImageCompressAll300/AJZD_1_201911151141222203.jpg
15,Laptops / Notebooks,HP,"HP 17 Business Laptop - Linux Mint Cinnamon - Intel Quad-Core i5-8250U, 8GB RAM, 256GB PCIe NVMe SSD + 1TB Storage HDD, 17.3"" HD+ (1600x900) Display,  SD Card Reader, DVD+-RW Burner",,"1,099.99",Free Shipping,1,https://www.newegg.com/silver-17-3-hp-laptop-everyday-value/p/1TS-000D-03H49?Item=9SIA8TK8UA9273,//c1.neweggimages.com/ProductImageCompressAll300/A8TK_1_2019030158504158.jpg
16,Laptops / Notebooks,HP,"HP 17 Business Laptop - Windows 7 Professional - Intel Quad-Core i5-8250U, 16GB RAM, 2TB PCIe NVMe SSD, 17.3"" HD+ (1600x900) Display,  SD Card Reader, DVD+-RW Burner",,"1,759.99",Free Shipping,1,https://www.newegg.com/silver-17-3-hp-laptop-everyday-value/p/1TS-000D-03H28?Item=9SIA8TK8UA9233,//c1.neweggimages.com/ProductImageCompressAll300/A8TK_1_2019030158504158.jpg
17,Laptops / Notebooks,HP,"HP 17 Business Laptop - Linux Mint Cinnamon - Intel Quad-Core i5-8250U, 32GB RAM, 1TB PCIe NVMe SSD + 1TB Storage HDD, 17.3"" HD+ (1600x900) Display,  SD Card Reader, DVD+-RW Burner",,"1,759.99",Free Shipping,1,https://www.newegg.com/silver-17-3-hp-laptop-everyday-value/p/1TS-000D-03H88?Item=9SIA8TK8UA9336,//c1.neweggimages.com/ProductImageCompressAll300/A8TK_1_2019030158504158.jpg
18,Laptops / Notebooks,HP,"HP 17.3"" HD+ Customized Premium Laptop | Intel Core i5-7200U Processor | 8GB RAM 1024GB SSD 1TB HDD | DVD-RW | Backlit Keyboard | HDMI | Windows 10 Black",,865.51,Free Shipping,1,https://www.newegg.com/p/1TS-000D-072K3?Item=9SIAJZDAK05090,//c1.neweggimages.com/ProductImageCompressAll300/AJZD_1_201911151141222203.jpg
19,Laptops / Notebooks,HP,"HP 17.3"" HD+ Customized Premium Laptop | Intel Core i5-7200U Processor | 24GB RAM 128GB SSD 2TB HDD | DVD-RW | Backlit Keyboard | HDMI | Windows 10 Black",,878.83,Free Shipping,1,https://www.newegg.com/p/1TS-000D-072N8?Item=9SIAJZDAK05115,//c1.neweggimages.com/ProductImageCompressAll300/AJZD_1_201911151141222203.jpg
20,Laptops / Notebooks,HP,"HP 17.3"" HD+ Customized Premium Laptop | Intel Core i5-7200U Processor | 8GB RAM 1TB HDD | DVD-RW | Backlit Keyboard | HDMI | Windows 10 Black",,705.73,Free Shipping,1,https://www.newegg.com/p/1TS-000D-072G2?Item=9SIAJZDAK05057,//c1.neweggimages.com/ProductImageCompressAll300/AJZD_1_201911151141222203.jpg
21,Laptops / Notebooks,HP,"HP 17.3"" HD+ Customized Premium Laptop | Intel Core i5-7200U Processor | 12GB RAM 256GB SSD | DVD-RW | Backlit Keyboard | HDMI | Windows 10 Black",,739.01,Free Shipping,1,https://www.newegg.com/p/1TS-000D-072P7?Item=9SIAJZDAK05124,//c1.neweggimages.com/ProductImageCompressAll300/AJZD_1_201911151141222203.jpg
22,Laptops / Notebooks,HP,"HP 17.3"" HD+ Customized Premium Laptop | Intel Core i5-7200U Processor | 12GB RAM 128GB SSD 2TB HDD | DVD-RW | Backlit Keyboard | HDMI | Windows 10 Black",,785.62,Free Shipping,1,https://www.newegg.com/p/1TS-000D-072P3?Item=9SIAJZDAK05120,//c1.neweggimages.com/ProductImageCompressAll300/AJZD_1_201911151141222203.jpg
23,Laptops / Notebooks,HP,"HP 17.3"" HD+ Customized Premium Laptop | Intel Core i5-7200U Processor | 8GB RAM 128GB SSD 500GB HDD | DVD-RW | Backlit Keyboard | HDMI | Windows 10 Black",,712.38,Free Shipping,1,https://www.newegg.com/p/1TS-000D-072H4?Item=9SIAJZDAK05069,//c1.neweggimages.com/ProductImageCompressAll300/AJZD_1_201911151141222203.jpg
24,Laptops / Notebooks,HP,"HP 17 Business Laptop - Windows 10 Pro - Intel Quad-Core i5-8250U, 8GB RAM, 256GB PCIe NVMe SSD + 2TB Storage HDD, 17.3"" HD+ (1600x900) Display,  SD Card Reader, DVD+-RW Burner",,"1,264.99",Free Shipping,1,https://www.newegg.com/silver-17-3-hp-laptop-everyday-value/p/1TS-000D-03H93?Item=9SIA8TK8UA9344,//c1.neweggimages.com/ProductImageCompressAll300/A8TK_1_2019030158504158.jpg
25,Laptops / Notebooks,HP,"HP 17 Business Laptop - Windows 10 Home - Intel Quad-Core i5-8250U, 8GB RAM, 500GB SSD, 17.3"" HD+ (1600x900) Display,  SD Card Reader, DVD+-RW Burner",,"1,044.99",Free Shipping,1,https://www.newegg.com/silver-17-3-hp-laptop-everyday-value/p/1TS-000D-03GU8?Item=9SIA8TK8UA9098,//c1.neweggimages.com/ProductImageCompressAll300/A8TK_1_2019030158504158.jpg
26,Laptops / Notebooks,HP,"HP 17 Business Laptop - Windows 7 Professional - Intel Quad-Core i5-8250U, 32GB RAM, 500GB SSD, 17.3"" HD+ (1600x900) Display,  SD Card Reader, DVD+-RW Burner",,"1,704.99",Free Shipping,1,https://www.newegg.com/silver-17-3-hp-laptop-everyday-value/p/1TS-000D-03GY8?Item=9SIA8TK8UA9172,//c1.neweggimages.com/ProductImageCompressAll300/A8TK_1_2019030158504158.jpg
27,Laptops / Notebooks,HP,"HP 17 Business Laptop - Windows 10 Pro - Intel Quad-Core i5-8250U, 16GB RAM, 256GB PCIe NVMe SSD + 1TB Storage HDD, 17.3"" HD+ (1600x900) Display,  SD Card Reader, DVD+-RW Burner",,"1,374.99",Free Shipping,1,https://www.newegg.com/silver-17-3-hp-laptop-everyday-value/p/1TS-000D-03H61?Item=9SIA8TK8UA9289,//c1.neweggimages.com/ProductImageCompressAll300/A8TK_1_2019030158504158.jpg
28,Laptops / Notebooks,HP,"HP 17.3"" HD+ Customized Premium Laptop | Intel Core i5-7200U Processor | 16GB RAM 1024GB SSD 1TB HDD | DVD-RW | Backlit Keyboard | HDMI | Windows 10 Black",,918.77,Free Shipping,1,https://www.newegg.com/p/1TS-000D-072K9?Item=9SIAJZDAK05096,//c1.neweggimages.com/ProductImageCompressAll300/AJZD_1_201911151141222203.jpg
29,Laptops / Notebooks,HP,"HP 17 Business Laptop - Windows 7 Professional - Intel Quad-Core i5-8250U, 8GB RAM, 1TB HDD, 17.3"" HD+ (1600x900) Display,  SD Card Reader, DVD+-RW Burner",,"1,264.99",Free Shipping,1,https://www.newegg.com/silver-17-3-hp-laptop-everyday-value/p/1TS-000D-03GU1?Item=9SIA8TK8UA9088,//c1.neweggimages.com/ProductImageCompressAll300/A8TK_1_2019030158504158.jpg
30,Laptops / Notebooks,HP,"HP 17 Business Laptop - Windows 7 Professional - Intel Quad-Core i5-8250U, 16GB RAM, 1TB PCIe NVMe SSD + 1TB Storage HDD, 17.3"" HD+ (1600x900) Display,  SD Card Reader, DVD+-RW Burner",,"1,759.99",Free Shipping,1,https://www.newegg.com/silver-17-3-hp-laptop-everyday-value/p/1TS-000D-03H71?Item=9SIA8TK8UA9301,//c1.neweggimages.com/ProductImageCompressAll300/A8TK_1_2019030158504158.jpg
31,Laptops / Notebooks,HP,"HP 17.3"" HD+ Customized Premium Laptop | Intel Core i5-7200U Processor | 16GB RAM 512GB SSD 1TB HDD | DVD-RW | Backlit Keyboard | HDMI | Windows 10 Black",,832.22,Free Shipping,1,https://www.newegg.com/p/1TS-000D-072R2?Item=9SIAJZDAK05129,//c1.neweggimages.com/ProductImageCompressAll300/AJZD_1_201911151141222203.jpg
32,Laptops / Notebooks,HP,"HP 17 Business Laptop - Windows 10 Pro - Intel Quad-Core i5-8250U, 16GB RAM, 500GB SSD, 17.3"" HD+ (1600x900) Display,  SD Card Reader, DVD+-RW Burner",,"1,319.99",Free Shipping,1,https://www.newegg.com/silver-17-3-hp-laptop-everyday-value/p/1TS-000D-03GW6?Item=9SIA8TK8UA9123,//c1.neweggimages.com/ProductImageCompressAll300/A8TK_1_2019030158504158.jpg
33,Laptops / Notebooks,HP,"HP 17 Business Laptop - Windows 10 Home - Intel Quad-Core i5-8250U, 8GB RAM, 500GB PCIe NVMe SSD + 2TB Storage HDD, 17.3"" HD+ (1600x900) Display,  SD Card Reader, DVD+-RW Burner",,"1,209.99",Free Shipping,1,https://www.newegg.com/silver-17-3-hp-laptop-everyday-value/p/1TS-000D-03H98?Item=9SIA8TK8UA9350,//c1.neweggimages.com/ProductImageCompressAll300/A8TK_1_2019030158504158.jpg
34,Laptops / Notebooks,HP,"HP 17 Business Laptop - Windows 7 Professional - Intel Quad-Core i5-8250U, 16GB RAM, 2TB PCIe NVMe SSD + 2TB Storage HDD, 17.3"" HD+ (1600x900) Display,  SD Card Reader, DVD+-RW Burner",,"1,924.99",Free Shipping,1,https://www.newegg.com/silver-17-3-hp-laptop-everyday-value/p/1TS-000D-03HC2?Item=9SIA8TK8UA9382,//c1.neweggimages.com/ProductImageCompressAll300/A8TK_1_2019030158504158.jpg
35,Laptops / Notebooks,HP,"HP 17.3"" HD+ Customized Premium Laptop | Intel Core i5-7200U Processor | 16GB RAM 128GB SSD 2TB HDD | DVD-RW | Backlit Keyboard | HDMI | Windows 10 Black",,812.25,Free Shipping,1,https://www.newegg.com/p/1TS-000D-072K0?Item=9SIAJZDAK05087,//c1.neweggimages.com/ProductImageCompressAll300/AJZD_1_201911151141222203.jpg
36,Laptops / Notebooks,HP,"HP 17 Business Laptop - Windows 10 Home - Intel Quad-Core i5-8250U, 8GB RAM, 500GB SSD, 17.3"" HD+ (1600x900) Display,  SD Card Reader, DVD+-RW Burner",,"1,044.99",Free Shipping,2,https://www.newegg.com/silver-17-3-hp-laptop-everyday-value/p/1TS-000D-03GU8?Item=9SIA8TK8UA9098,//c1.neweggimages.com/ProductImageCompressAll300/A8TK_1_2019030158504158.jpg
37,Laptops / Notebooks,HP,"HP 17 Business Laptop - Windows 10 Home - Intel Quad-Core i5-8250U, 8GB RAM, 500GB PCIe NVMe SSD + 2TB Storage HDD, 17.3"" HD+ (1600x900) Display,  SD Card Reader, DVD+-RW Burner",,"1,209.99",Free Shipping,2,https://www.newegg.com/silver-17-3-hp-laptop-everyday-value/p/1TS-000D-03H98?Item=9SIA8TK8UA9350,//c1.neweggimages.com/ProductImageCompressAll300/A8TK_1_2019030158504158.jpg
38,Laptops / Notebooks,HP,"HP 17 Business Laptop - Windows 7 Professional - Intel Quad-Core i5-8250U, 16GB RAM, 2TB PCIe NVMe SSD + 2TB Storage HDD, 17.3"" HD+ (1600x900) Display,  SD Card Reader, DVD+-RW Burner",,"1,924.99",Free Shipping,2,https://www.newegg.com/silver-17-3-hp-laptop-everyday-value/p/1TS-000D-03HC2?Item=9SIA8TK8UA9382,//c1.neweggimages.com/ProductImageCompressAll300/A8TK_1_2019030158504158.jpg
39,Laptops / Notebooks,HP,"HP 17 Business Laptop - Windows 7 Professional - Intel Quad-Core i5-8250U, 32GB RAM, 500GB PCIe NVMe SSD + 1TB Storage SSD, 17.3"" HD+ (1600x900) Display,  SD Card Reader, DVD+-RW Burner",,"2,199.99",Free Shipping,2,https://www.newegg.com/silver-17-3-hp-laptop-everyday-value/p/1TS-000D-03HH7?Item=9SIA8TK8UA9467,//c1.neweggimages.com/ProductImageCompressAll300/A8TK_1_2019030158504158.jpg
40,Laptops / Notebooks,HP,"HP 17.3"" HD+ Customized Premium Laptop | Intel Core i5-7200U Processor | 8GB RAM 128GB SSD 500GB HDD | DVD-RW | Backlit Keyboard | HDMI | Windows 10 Black",,712.38,Free Shipping,2,https://www.newegg.com/p/1TS-000D-072H4?Item=9SIAJZDAK05069,//c1.neweggimages.com/ProductImageCompressAll300/AJZD_1_201911151141222203.jpg
41,Laptops / Notebooks,HP,"HP 17.3"" HD+ Customized Premium Laptop | Intel Core i5-7200U Processor | 12GB RAM 256GB SSD | DVD-RW | Backlit Keyboard | HDMI | Windows 10 Black",,739.01,Free Shipping,2,https://www.newegg.com/p/1TS-000D-072P7?Item=9SIAJZDAK05124,//c1.neweggimages.com/ProductImageCompressAll300/AJZD_1_201911151141222203.jpg
42,Laptops / Notebooks,HP,"HP 17 Business Laptop - Windows 7 Professional - Intel Quad-Core i5-8250U, 32GB RAM, 500GB SSD, 17.3"" HD+ (1600x900) Display,  SD Card Reader, DVD+-RW Burner",,"1,704.99",Free Shipping,2,https://www.newegg.com/silver-17-3-hp-laptop-everyday-value/p/1TS-000D-03GY8?Item=9SIA8TK8UA9172,//c1.neweggimages.com/ProductImageCompressAll300/A8TK_1_2019030158504158.jpg
43,Laptops / Notebooks,HP,"HP 17 Business Laptop - Windows 10 Pro - Intel Quad-Core i5-8250U, 16GB RAM, 256GB PCIe NVMe SSD + 1TB Storage HDD, 17.3"" HD+ (1600x900) Display,  SD Card Reader, DVD+-RW Burner",,"1,374.99",Free Shipping,2,https://www.newegg.com/silver-17-3-hp-laptop-everyday-value/p/1TS-000D-03H61?Item=9SIA8TK8UA9289,//c1.neweggimages.com/ProductImageCompressAll300/A8TK_1_2019030158504158.jpg
44,Laptops / Notebooks,HP,HP 17.3-inch Notebook 17-by0053cl i5-8250U 12GB 1TB Radeon 530 Graphics 1600 x 900 Windows 10 3TT03UAR#ABA,,"1,319.99",Free Shipping,2,https://www.newegg.com/p/1TS-000D-03H25?Item=9SIA8TK8UA9230,//c1.neweggimages.com/ProductImageCompressAll300/A8TK_1_2019030158504158.jpg
45,Laptops / Notebooks,HP,"HP 17.3"" HD+ Customized Premium Laptop | Intel Core i5-7200U Processor | 8GB RAM 128GB SSD | DVD-RW | Backlit Keyboard | HDMI | Windows 10 Black",,692.41,Free Shipping,2,https://www.newegg.com/p/1TS-000D-072H0?Item=9SIAJZDAK05065,//c1.neweggimages.com/ProductImageCompressAll300/AJZD_1_201911151141222203.jpg
46,Laptops / Notebooks,HP,"HP 17.3"" HD+ Customized Premium Laptop | Intel Core i5-7200U Processor | 32GB RAM 1024GB SSD 1TB HDD | DVD-RW | Backlit Keyboard | HDMI | Windows 10 Black",,"1,051.93",Free Shipping,2,https://www.newegg.com/p/1TS-000D-072U1?Item=9SIAJZDAK05160,//c1.neweggimages.com/ProductImageCompressAll300/AJZD_1_201911151141222203.jpg
47,Laptops / Notebooks,HP,"HP 17 Business Laptop - Windows 7 Professional - Intel Quad-Core i5-8250U, 8GB RAM, 500GB SSD, 17.3"" HD+ (1600x900) Display,  SD Card Reader, DVD+-RW Burner",,"1,374.99",Free Shipping,2,https://www.newegg.com/silver-17-3-hp-laptop-everyday-value/p/1TS-000D-03GU9?Item=9SIA8TK8UA9099,//c1.neweggimages.com/ProductImageCompressAll300/A8TK_1_2019030158504158.jpg
48,Laptops / Notebooks,HP,"HP 17 Business Laptop - Windows 7 Professional - Intel Quad-Core i5-8250U, 32GB RAM, 2TB SSD, 17.3"" HD+ (1600x900) Display,  SD Card Reader, DVD+-RW Burner",,"1,924.99",Free Shipping,2,https://www.newegg.com/silver-17-3-hp-laptop-everyday-value/p/1TS-000D-03GZ6?Item=9SIA8TK8UA9183,//c1.neweggimages.com/ProductImageCompressAll300/A8TK_1_2019030158504158.jpg
49,Laptops / Notebooks,HP,"HP 17 Business Laptop - Linux Mint Cinnamon - Intel Quad-Core i5-8250U, 32GB RAM, 2TB PCIe NVMe SSD + 2TB Storage SSD, 17.3"" HD+ (1600x900) Display,  SD Card Reader, DVD+-RW Burner",,"2,199.99",Free Shipping,2,https://www.newegg.com/silver-17-3-hp-laptop-everyday-value/p/1TS-000D-03HR2?Item=9SIA8TK8UA9577,//c1.neweggimages.com/ProductImageCompressAll300/A8TK_1_2019030158504158.jpg
50,Laptops / Notebooks,HP,"HP 17 Business Laptop - Linux Mint Cinnamon - Intel Quad-Core i5-8250U, 8GB RAM, 256GB SSD, 17.3"" HD+ (1600x900) Display,  SD Card Reader, DVD+-RW Burner",,"1,022.99",Free Shipping,2,https://www.newegg.com/silver-17-3-hp-laptop-everyday-value/p/1TS-000D-03GU6?Item=9SIA8TK8UA9093,//c1.neweggimages.com/ProductImageCompressAll300/A8TK_1_2019030158504158.jpg
51,Laptops / Notebooks,HP,"HP 17 Business Laptop - Linux Mint Cinnamon - Intel Quad-Core i5-8250U, 16GB RAM, 2TB PCIe NVMe SSD + 1TB Storage HDD, 17.3"" HD+ (1600x900) Display,  SD Card Reader, DVD+-RW Burner",,"1,539.99",Free Shipping,2,https://www.newegg.com/silver-17-3-hp-laptop-everyday-value/p/1TS-000D-03H76?Item=9SIA8TK8UA9310,//c1.neweggimages.com/ProductImageCompressAll300/A8TK_1_2019030158504158.jpg
52,Laptops / Notebooks,HP,"HP 17 Business Laptop - Windows 10 Pro - Intel Quad-Core i5-8250U, 16GB RAM, 2TB PCIe NVMe SSD + 2TB Storage SSD, 17.3"" HD+ (1600x900) Display,  SD Card Reader, DVD+-RW Burner",,"1,979.99",Free Shipping,2,https://www.newegg.com/silver-17-3-hp-laptop-everyday-value/p/1TS-000D-03HN4?Item=9SIA8TK8UA9553,//c1.neweggimages.com/ProductImageCompressAll300/A8TK_1_2019030158504158.jpg
53,Laptops / Notebooks,HP,"HP 17 Business Laptop - Windows 7 Professional - Intel Quad-Core i5-8250U, 32GB RAM, 256GB PCIe NVMe SSD + 1TB Storage SSD, 17.3"" HD+ (1600x900) Display,  SD Card Reader, DVD+-RW Burner",,"2,144.99",Free Shipping,2,https://www.newegg.com/silver-17-3-hp-laptop-everyday-value/p/1TS-000D-03HH3?Item=9SIA8TK8UA9462,//c1.neweggimages.com/ProductImageCompressAll300/A8TK_1_2019030158504158.jpg
54,Laptops / Notebooks,HP,"HP 17 Business Laptop - Windows 10 Pro - Intel Quad-Core i5-8250U, 8GB RAM, 2TB PCIe NVMe SSD + 1TB Storage HDD, 17.3"" HD+ (1600x900) Display,  SD Card Reader, DVD+-RW Burner",,"1,484.99",Free Shipping,2,https://www.newegg.com/silver-17-3-hp-laptop-everyday-value/p/1TS-000D-03H57?Item=9SIA8TK8UA9283,//c1.neweggimages.com/ProductImageCompressAll300/A8TK_1_2019030158504158.jpg
55,Laptops / Notebooks,HP,"HP 17 Business Laptop - Windows 7 Professional - Intel Quad-Core i5-8250U, 32GB RAM, 1TB PCIe NVMe SSD + 4TB Storage SSD, 17.3"" HD+ (1600x900) Display,  SD Card Reader, DVD+-RW Burner",,"2,969.99",Free Shipping,2,https://www.newegg.com/silver-17-3-hp-laptop-everyday-value/p/1TS-000D-03HV5?Item=9SIA8TK8UA9686,//c1.neweggimages.com/ProductImageCompressAll300/A8TK_1_2019030158504158.jpg
56,Laptops / Notebooks,HP,"HP 17 Business Laptop - Windows 7 Professional - Intel Quad-Core i5-8250U, 8GB RAM, 500GB PCIe NVMe SSD + 1TB Storage SSD, 17.3"" HD+ (1600x900) Display,  SD Card Reader, DVD+-RW Burner",,"1,704.99",Free Shipping,2,https://www.newegg.com/silver-17-3-hp-laptop-everyday-value/p/1TS-000D-03HE6?Item=9SIA8TK8UA9426,//c1.neweggimages.com/ProductImageCompressAll300/A8TK_1_2019030158504158.jpg
57,Laptops / Notebooks,HP,"HP 17 Business Laptop - Windows 10 Home - Intel Quad-Core i5-8250U, 8GB RAM, 2TB PCIe NVMe SSD + 2TB Storage SSD, 17.3"" HD+ (1600x900) Display,  SD Card Reader, DVD+-RW Burner",,"1,704.99",Free Shipping,2,https://www.newegg.com/silver-17-3-hp-laptop-everyday-value/p/1TS-000D-03HK9?Item=9SIA8TK8UA9529,//c1.neweggimages.com/ProductImageCompressAll300/A8TK_1_2019030158504158.jpg
58,Laptops / Notebooks,HP,"HP 17.3"" HD+ Customized Laptop | Quad-Core Intel Core i5-8265U Mobile Processor | 16GB RAM 128GB SSD | DVD-RW | HDMI | Wifi | Bluetooth | Windows 10 Black",,736.93,Free Shipping,2,https://www.newegg.com/p/1TS-000D-07261?Item=9SIAJZDAK03918,//c1.neweggimages.com/ProductImageCompressAll300/AJZD_1_20191115704199485.jpg
59,Laptops / Notebooks,HP,"HP 17.3"" HD+ Customized Premium Laptop | Intel Core i5-7200U Processor | 12GB RAM 256GB SSD 1TB HDD | DVD-RW | Backlit Keyboard | HDMI | Windows 10 Black",,778.96,Free Shipping,2,https://www.newegg.com/p/1TS-000D-072R7?Item=9SIAJZDAK05136,//c1.neweggimages.com/ProductImageCompressAll300/AJZD_1_201911151141222203.jpg
60,Laptops / Notebooks,HP,"HP 17.3"" HD+ Customized Premium Laptop | Intel Core i5-7200U Processor | 8GB RAM 2TB HDD | DVD-RW | Backlit Keyboard | HDMI | Windows 10 Black",,732.36,Free Shipping,2,https://www.newegg.com/p/1TS-000D-072G6?Item=9SIAJZDAK05061,//c1.neweggimages.com/ProductImageCompressAll300/AJZD_1_201911151141222203.jpg
61,Laptops / Notebooks,HP,"HP 17 Business Laptop - Windows 7 Professional - Intel Quad-Core i5-8250U, 8GB RAM, 256GB PCIe NVMe SSD + 4TB Storage SSD, 17.3"" HD+ (1600x900) Display,  SD Card Reader, DVD+-RW Burner",,"2,309.99",Free Shipping,2,https://www.newegg.com/silver-17-3-hp-laptop-everyday-value/p/1TS-000D-03HR5?Item=9SIA8TK8UA9598,//c1.neweggimages.com/ProductImageCompressAll300/A8TK_1_2019030158504158.jpg
62,Laptops / Notebooks,HP,"HP 17 Business Laptop - Windows 10 Home - Intel Quad-Core i5-8250U, 16GB RAM, 1TB PCIe NVMe SSD + 2TB Storage HDD, 17.3"" HD+ (1600x900) Display,  SD Card Reader, DVD+-RW Burner",,"1,484.99",Free Shipping,2,https://www.newegg.com/silver-17-3-hp-laptop-everyday-value/p/1TS-000D-03HB7?Item=9SIA8TK8UA9372,//c1.neweggimages.com/ProductImageCompressAll300/A8TK_1_2019030158504158.jpg
63,Laptops / Notebooks,HP,"HP 17 Business Laptop - Linux Mint Cinnamon - Intel Quad-Core i5-8250U, 16GB RAM, 2TB SSD, 17.3"" HD+ (1600x900) Display,  SD Card Reader, DVD+-RW Burner",,"1,429.99",Free Shipping,2,https://www.newegg.com/silver-17-3-hp-laptop-everyday-value/p/1TS-000D-03GX7?Item=9SIA8TK8UA9141,//c1.neweggimages.com/ProductImageCompressAll300/A8TK_1_2019030158504158.jpg
64,Laptops / Notebooks,HP,"HP 17 Business Laptop - Linux Mint Cinnamon - Intel Quad-Core i5-8250U, 32GB RAM, 1TB PCIe NVMe SSD + 2TB Storage HDD, 17.3"" HD+ (1600x900) Display,  SD Card Reader, DVD+-RW Burner",,"1,814.99",Free Shipping,2,https://www.newegg.com/silver-17-3-hp-laptop-everyday-value/p/1TS-000D-03HD5?Item=9SIA8TK8UA9398,//c1.neweggimages.com/ProductImageCompressAll300/A8TK_1_2019030158504158.jpg
65,Laptops / Notebooks,HP,"HP 17.3"" HD+ Customized Premium Laptop | Intel Core i5-7200U Processor | 4GB RAM 1TB HDD | DVD-RW | Backlit Keyboard | HDMI | Windows 10 Black",,679.09,Free Shipping,2,https://www.newegg.com/p/1TS-000D-072G0?Item=9SIAJZDAK05055,//c1.neweggimages.com/ProductImageCompressAll300/AJZD_1_201911151141222203.jpg
66,Laptops / Notebooks,HP,"HP 17 Business Laptop - Windows 10 Home - Intel Quad-Core i5-8250U, 16GB RAM, 256GB SSD, 17.3"" HD+ (1600x900) Display,  SD Card Reader, DVD+-RW Burner",,"1,187.99",Free Shipping,2,https://www.newegg.com/silver-17-3-hp-laptop-everyday-value/p/1TS-000D-03GW3?Item=9SIA8TK8UA9120,//c1.neweggimages.com/ProductImageCompressAll300/A8TK_1_2019030158504158.jpg
67,Laptops / Notebooks,HP,"HP 17 Business Laptop - Windows 10 Pro - Intel Quad-Core i5-8250U, 32GB RAM, 256GB PCIe NVMe SSD + 1TB Storage SSD, 17.3"" HD+ (1600x900) Display,  SD Card Reader, DVD+-RW Burner",,"1,924.99",Free Shipping,2,https://www.newegg.com/silver-17-3-hp-laptop-everyday-value/p/1TS-000D-03HH1?Item=9SIA8TK8UA9460,//c1.neweggimages.com/ProductImageCompressAll300/A8TK_1_2019030158504158.jpg
68,Laptops / Notebooks,HP,"HP 17 Business Laptop - Windows 10 Pro - Intel Quad-Core i5-8250U, 16GB RAM, 1TB PCIe NVMe SSD + 4TB Storage SSD, 17.3"" HD+ (1600x900) Display,  SD Card Reader, DVD+-RW Burner",,"2,419.99",Free Shipping,2,https://www.newegg.com/silver-17-3-hp-laptop-everyday-value/p/1TS-000D-03HT7?Item=9SIA8TK8UA9656,//c1.neweggimages.com/ProductImageCompressAll300/A8TK_1_2019030158504158.jpg
69,Laptops / Notebooks,HP,"HP 17 Business Laptop - Windows 10 Pro - Intel Quad-Core i5-8250U, 8GB RAM, 500GB PCIe NVMe SSD + 4TB Storage SSD, 17.3"" HD+ (1600x900) Display,  SD Card Reader, DVD+-RW Burner",,"2,144.99",Free Shipping,2,https://www.newegg.com/silver-17-3-hp-laptop-everyday-value/p/1TS-000D-03HR7?Item=9SIA8TK8UA9603,//c1.neweggimages.com/ProductImageCompressAll300/A8TK_1_2019030158504158.jpg
70,Laptops / Notebooks,HP,"HP 17 Business Laptop - Windows 10 Pro - Intel Quad-Core i5-8250U, 8GB RAM, 256GB SSD, 17.3"" HD+ (1600x900) Display,  SD Card Reader, DVD+-RW Burner",,"1,132.99",Free Shipping,2,https://www.newegg.com/silver-17-3-hp-laptop-everyday-value/p/1TS-000D-03GU3?Item=9SIA8TK8UA9090,//c1.neweggimages.com/ProductImageCompressAll300/A8TK_1_2019030158504158.jpg
71,Laptops / Notebooks,HP,"HP 17 Business Laptop - Linux Mint Cinnamon - Intel Quad-Core i5-8250U, 32GB RAM, 2TB PCIe NVMe SSD + 1TB Storage SSD, 17.3"" HD+ (1600x900) Display,  SD Card Reader, DVD+-RW Burner",,"2,089.99",Free Shipping,2,https://www.newegg.com/silver-17-3-hp-laptop-everyday-value/p/1TS-000D-03HJ6?Item=9SIA8TK8UA9503,//c1.neweggimages.com/ProductImageCompressAll300/A8TK_1_2019030158504158.jpg
72,Laptops / Notebooks,HP,"HP 17.3"" HD+ Customized Premium Laptop | Intel Core i5-7200U Processor | 12GB RAM 128GB SSD 500GB HDD | DVD-RW | Backlit Keyboard | HDMI | Windows 10 Black",,739.01,Free Shipping,3,https://www.newegg.com/p/1TS-000D-072N6?Item=9SIAJZDAK05113,//c1.neweggimages.com/ProductImageCompressAll300/AJZD_1_201911151141222203.jpg
73,Laptops / Notebooks,HP,"HP 17 Business Laptop - Windows 10 Pro - Intel Quad-Core i5-8250U, 8GB RAM, 256GB SSD, 17.3"" HD+ (1600x900) Display,  SD Card Reader, DVD+-RW Burner",,"1,132.99",Free Shipping,3,https://www.newegg.com/silver-17-3-hp-laptop-everyday-value/p/1TS-000D-03GU3?Item=9SIA8TK8UA9090,//c1.neweggimages.com/ProductImageCompressAll300/A8TK_1_2019030158504158.jpg
74,Laptops / Notebooks,HP,"HP 17 Business Laptop - Linux Mint Cinnamon - Intel Quad-Core i5-8250U, 8GB RAM, 500GB SSD, 17.3"" HD+ (1600x900) Display,  SD Card Reader, DVD+-RW Burner",,"1,044.99",Free Shipping,3,https://www.newegg.com/silver-17-3-hp-laptop-everyday-value/p/1TS-000D-03GV0?Item=9SIA8TK8UA9101,//c1.neweggimages.com/ProductImageCompressAll300/A8TK_1_2019030158504158.jpg
75,Laptops / Notebooks,HP,"HP 17 Business Laptop - Windows 10 Pro - Intel Quad-Core i5-8250U, 16GB RAM, 1TB PCIe NVMe SSD + 4TB Storage SSD, 17.3"" HD+ (1600x900) Display,  SD Card Reader, DVD+-RW Burner",,"2,419.99",Free Shipping,3,https://www.newegg.com/silver-17-3-hp-laptop-everyday-value/p/1TS-000D-03HT7?Item=9SIA8TK8UA9656,//c1.neweggimages.com/ProductImageCompressAll300/A8TK_1_2019030158504158.jpg
76,Laptops / Notebooks,HP,"HP 17 Business Laptop - Windows 10 Home - Intel Quad-Core i5-8250U, 8GB RAM, 1TB PCIe NVMe SSD + 2TB Storage HDD, 17.3"" HD+ (1600x900) Display,  SD Card Reader, DVD+-RW Burner",,"1,319.99",Free Shipping,3,https://www.newegg.com/silver-17-3-hp-laptop-everyday-value/p/1TS-000D-03HA2?Item=9SIA8TK8UA9354,//c1.neweggimages.com/ProductImageCompressAll300/A8TK_1_2019030158504158.jpg
77,Laptops / Notebooks,HP,"HP 17 Business Laptop - Windows 10 Home - Intel Quad-Core i5-8250U, 32GB RAM, 500GB SSD, 17.3"" HD+ (1600x900) Display,  SD Card Reader, DVD+-RW Burner",,"1,374.99",Free Shipping,3,https://www.newegg.com/silver-17-3-hp-laptop-everyday-value/p/1TS-000D-03GY7?Item=9SIA8TK8UA9155,//c1.neweggimages.com/ProductImageCompressAll300/A8TK_1_2019030158504158.jpg
78,Laptops / Notebooks,HP,"HP 17.3"" HD+ Customized Premium Laptop | Intel Core i5-7200U Processor | 24GB RAM 256GB SSD 500GB HDD | DVD-RW | Backlit Keyboard | HDMI | Windows 10 Black",,852.20,Free Shipping,3,https://www.newegg.com/p/1TS-000D-072R8?Item=9SIAJZDAK05137,//c1.neweggimages.com/ProductImageCompressAll300/AJZD_1_201911151141222203.jpg
79,Laptops / Notebooks,HP,"HP 17 Business Laptop - Windows 10 Pro - Intel Quad-Core i5-8250U, 8GB RAM, 500GB PCIe NVMe SSD + 4TB Storage SSD, 17.3"" HD+ (1600x900) Display,  SD Card Reader, DVD+-RW Burner",,"2,144.99",Free Shipping,3,https://www.newegg.com/silver-17-3-hp-laptop-everyday-value/p/1TS-000D-03HR7?Item=9SIA8TK8UA9603,//c1.neweggimages.com/ProductImageCompressAll300/A8TK_1_2019030158504158.jpg
80,Laptops / Notebooks,HP,"HP 17 Business Laptop - Windows 7 Professional - Intel Quad-Core i5-8250U, 16GB RAM, 2TB PCIe NVMe SSD + 2TB Storage SSD, 17.3"" HD+ (1600x900) Display,  SD Card Reader, DVD+-RW Burner",,"2,199.99",Free Shipping,3,https://www.newegg.com/silver-17-3-hp-laptop-everyday-value/p/1TS-000D-03HN6?Item=9SIA8TK8UA9557,//c1.neweggimages.com/ProductImageCompressAll300/A8TK_1_2019030158504158.jpg
81,Laptops / Notebooks,HP,"HP 17.3"" HD+ Customized Premium Laptop | Intel Core i5-7200U Processor | 16GB RAM 256GB SSD 500GB HDD | DVD-RW | Backlit Keyboard | HDMI | Windows 10 Black",,785.62,Free Shipping,3,https://www.newegg.com/p/1TS-000D-072N3?Item=9SIAJZDAK05110,//c1.neweggimages.com/ProductImageCompressAll300/AJZD_1_201911151141222203.jpg
82,Laptops / Notebooks,HP,"HP 17 Business Laptop - Windows 10 Home - Intel Quad-Core i5-8250U, 8GB RAM, 500GB PCIe NVMe SSD + 4TB Storage SSD, 17.3"" HD+ (1600x900) Display,  SD Card Reader, DVD+-RW Burner",,"2,034.99",Free Shipping,3,https://www.newegg.com/silver-17-3-hp-laptop-everyday-value/p/1TS-000D-03HR8?Item=9SIA8TK8UA9606,//c1.neweggimages.com/ProductImageCompressAll300/A8TK_1_2019030158504158.jpg
83,Laptops / Notebooks,HP,"HP 17 Business Laptop - Windows 10 Home - Intel Quad-Core i5-8250U, 32GB RAM, 1TB SSD, 17.3"" HD+ (1600x900) Display,  SD Card Reader, DVD+-RW Burner",,"1,484.99",Free Shipping,3,https://www.newegg.com/silver-17-3-hp-laptop-everyday-value/p/1TS-000D-03GZ1?Item=9SIA8TK8UA9176,//c1.neweggimages.com/ProductImageCompressAll300/A8TK_1_2019030158504158.jpg
84,Laptops / Notebooks,HP,"HP 17.3"" HD+ Customized Premium Laptop | Intel Core i5-7200U Processor | 24GB RAM 128GB SSD 1TB HDD | DVD-RW | Backlit Keyboard | HDMI | Windows 10 Black",,852.20,Free Shipping,3,https://www.newegg.com/p/1TS-000D-072N4?Item=9SIAJZDAK05111,//c1.neweggimages.com/ProductImageCompressAll300/AJZD_1_201911151141222203.jpg
85,Laptops / Notebooks,HP,"HP 17 Business Laptop - Windows 10 Home - Intel Quad-Core i5-8250U, 16GB RAM, 2TB PCIe NVMe SSD, 17.3"" HD+ (1600x900) Display,  SD Card Reader, DVD+-RW Burner",,"1,429.99",Free Shipping,3,https://www.newegg.com/silver-17-3-hp-laptop-everyday-value/p/1TS-000D-03H27?Item=9SIA8TK8UA9232,//c1.neweggimages.com/ProductImageCompressAll300/A8TK_1_2019030158504158.jpg
86,Laptops / Notebooks,HP,"HP 17 Business Laptop - Linux Mint Cinnamon - Intel Quad-Core i5-8250U, 32GB RAM, 256GB PCIe NVMe SSD + 1TB Storage SSD, 17.3"" HD+ (1600x900) Display,  SD Card Reader, DVD+-RW Burner",,"1,814.99",Free Shipping,3,https://www.newegg.com/silver-17-3-hp-laptop-everyday-value/p/1TS-000D-03HH4?Item=9SIA8TK8UA9463,//c1.neweggimages.com/ProductImageCompressAll300/A8TK_1_2019030158504158.jpg
87,Laptops / Notebooks,HP,"HP 17.3"" HD+ Customized Premium Laptop | Intel Core i5-7200U Processor | 24GB RAM 512GB SSD 500GB HDD | DVD-RW | Backlit Keyboard | HDMI | Windows 10 Black",,878.83,Free Shipping,3,https://www.newegg.com/p/1TS-000D-072S8?Item=9SIAJZDAK05147,//c1.neweggimages.com/ProductImageCompressAll300/AJZD_1_201911151141222203.jpg
88,Laptops / Notebooks,HP,"HP 17 Business Laptop - Linux Mint Cinnamon - Intel Quad-Core i5-8250U, 32GB RAM, 256GB PCIe NVMe SSD, 17.3"" HD+ (1600x900) Display,  SD Card Reader, DVD+-RW Burner",,"1,484.99",Free Shipping,3,https://www.newegg.com/silver-17-3-hp-laptop-everyday-value/p/1TS-000D-03H33?Item=9SIA8TK8UA9239,//c1.neweggimages.com/ProductImageCompressAll300/A8TK_1_2019030158504158.jpg
89,Laptops / Notebooks,HP,"HP 17 Business Laptop - Linux Mint Cinnamon - Intel Quad-Core i5-8250U, 16GB RAM, 500GB PCIe NVMe SSD, 17.3"" HD+ (1600x900) Display,  SD Card Reader, DVD+-RW Burner",,"1,209.99",Free Shipping,3,https://www.newegg.com/silver-17-3-hp-laptop-everyday-value/p/1TS-000D-03H21?Item=9SIA8TK8UA9223,//c1.neweggimages.com/ProductImageCompressAll300/A8TK_1_2019030158504158.jpg
90,Laptops / Notebooks,HP,"HP 17 Business Laptop - Windows 10 Home - Intel Quad-Core i5-8250U, 32GB RAM, 500GB PCIe NVMe SSD, 17.3"" HD+ (1600x900) Display,  SD Card Reader, DVD+-RW Burner",,"1,539.99",Free Shipping,3,https://www.newegg.com/silver-17-3-hp-laptop-everyday-value/p/1TS-000D-03H35?Item=9SIA8TK8UA9243,//c1.neweggimages.com/ProductImageCompressAll300/A8TK_1_2019030158504158.jpg
91,Laptops / Notebooks,HP,"HP 17.3"" HD+ Customized Premium Laptop | Intel Core i5-7200U Processor | 12GB RAM 256GB SSD 500GB HDD | DVD-RW | Backlit Keyboard | HDMI | Windows 10 Black",,758.99,Free Shipping,3,https://www.newegg.com/p/1TS-000D-072R1?Item=9SIAJZDAK05128,//c1.neweggimages.com/ProductImageCompressAll300/AJZD_1_201911151141222203.jpg
92,Laptops / Notebooks,HP,"HP 17 Business Laptop - Windows 7 Professional - Intel Quad-Core i5-8250U, 32GB RAM, 256GB SSD, 17.3"" HD+ (1600x900) Display,  SD Card Reader, DVD+-RW Burner",,"1,682.99",Free Shipping,3,https://www.newegg.com/silver-17-3-hp-laptop-everyday-value/p/1TS-000D-03GY4?Item=9SIA8TK8UA9151,//c1.neweggimages.com/ProductImageCompressAll300/A8TK_1_2019030158504158.jpg
93,Laptops / Notebooks,HP,"HP 17 Business Laptop - Windows 7 Professional - Intel Quad-Core i5-8250U, 8GB RAM, 2TB PCIe NVMe SSD + 1TB Storage SSD, 17.3"" HD+ (1600x900) Display,  SD Card Reader, DVD+-RW Burner",,"1,924.99",Free Shipping,3,https://www.newegg.com/silver-17-3-hp-laptop-everyday-value/p/1TS-000D-03HF4?Item=9SIA8TK8UA9436,//c1.neweggimages.com/ProductImageCompressAll300/A8TK_1_2019030158504158.jpg
94,Laptops / Notebooks,HP,"HP 17 Business Laptop - Linux Mint Cinnamon - Intel Quad-Core i5-8250U, 32GB RAM, 2TB PCIe NVMe SSD, 17.3"" HD+ (1600x900) Display,  SD Card Reader, DVD+-RW Burner",,"1,759.99",Free Shipping,3,https://www.newegg.com/silver-17-3-hp-laptop-everyday-value/p/1TS-000D-03H45?Item=9SIA8TK8UA9267,//c1.neweggimages.com/ProductImageCompressAll300/A8TK_1_2019030158504158.jpg
95,Laptops / Notebooks,HP,"HP 17.3"" HD+ Customized Premium Laptop | Intel Core i5-7200U Processor | 8GB RAM 512GB SSD | DVD-RW | Backlit Keyboard | HDMI | Windows 10 Black",,739.01,Free Shipping,3,https://www.newegg.com/p/1TS-000D-072G9?Item=9SIAJZDAK05064,//c1.neweggimages.com/ProductImageCompressAll300/AJZD_1_201911151141222203.jpg
96,Laptops / Notebooks,HP,"HP 17.3"" HD+ Customized Premium Laptop | Intel Core i5-7200U Processor | 8GB RAM 1024GB SSD | DVD-RW | Backlit Keyboard | HDMI | Windows 10 Black",,825.57,Free Shipping,3,https://www.newegg.com/p/1TS-000D-072J4?Item=9SIAJZDAK05079,//c1.neweggimages.com/ProductImageCompressAll300/AJZD_1_201911151141222203.jpg
97,Laptops / Notebooks,HP,"HP 17 Business Laptop - Linux Mint Cinnamon - Intel Quad-Core i5-8250U, 32GB RAM, 500GB PCIe NVMe SSD + 4TB Storage SSD, 17.3"" HD+ (1600x900) Display,  SD Card Reader, DVD+-RW Burner",,"2,529.99",Free Shipping,3,https://www.newegg.com/silver-17-3-hp-laptop-everyday-value/p/1TS-000D-03HV2?Item=9SIA8TK8UA9683,//c1.neweggimages.com/ProductImageCompressAll300/A8TK_1_2019030158504158.jpg
98,Laptops / Notebooks,HP,"HP 17 Business Laptop - Windows 10 Home - Intel Quad-Core i5-8250U, 32GB RAM, 1TB PCIe NVMe SSD + 4TB Storage SSD, 17.3"" HD+ (1600x900) Display,  SD Card Reader, DVD+-RW Burner",,"2,639.99",Free Shipping,3,https://www.newegg.com/silver-17-3-hp-laptop-everyday-value/p/1TS-000D-03HV4?Item=9SIA8TK8UA9685,//c1.neweggimages.com/ProductImageCompressAll300/A8TK_1_2019030158504158.jpg
99,Laptops / Notebooks,HP,"HP 17 Business Laptop - Linux Mint Cinnamon - Intel Quad-Core i5-8250U, 32GB RAM, 1TB PCIe NVMe SSD + 1TB Storage SSD, 17.3"" HD+ (1600x900) Display,  SD Card Reader, DVD+-RW Burner",,"1,979.99",Free Shipping,3,https://www.newegg.com/silver-17-3-hp-laptop-everyday-value/p/1TS-000D-03HJ2?Item=9SIA8TK8UA9473,//c1.neweggimages.com/ProductImageCompressAll300/A8TK_1_2019030158504158.jpg
100,Laptops / Notebooks,HP,"HP 17 Business Laptop - Linux Mint Cinnamon - Intel Quad-Core i5-8250U, 8GB RAM, 500GB PCIe NVMe SSD, 17.3"" HD+ (1600x900) Display,  SD Card Reader, DVD+-RW Burner",,"1,044.99",Free Shipping,3,https://www.newegg.com/p/1TS-000D-03H05?Item=9SIA8TK8UA9197,//c1.neweggimages.com/ProductImageCompressAll300/A8TK_1_2019030158504158.jpg
101,Laptops / Notebooks,HP,"HP 17 Business Laptop - Linux Mint Cinnamon - Intel Quad-Core i5-8250U, 32GB RAM, 1TB PCIe NVMe SSD + 2TB Storage SSD, 17.3"" HD+ (1600x900) Display,  SD Card Reader, DVD+-RW Burner",,"2,089.99",Free Shipping,3,https://www.newegg.com/silver-17-3-hp-laptop-everyday-value/p/1TS-000D-03HP9?Item=9SIA8TK8UA9573,//c1.neweggimages.com/ProductImageCompressAll300/A8TK_1_2019030158504158.jpg
102,Laptops / Notebooks,HP,"HP 17 Business Laptop - Linux Mint Cinnamon - Intel Quad-Core i5-8250U, 32GB RAM, 2TB PCIe NVMe SSD + 1TB Storage HDD, 17.3"" HD+ (1600x900) Display,  SD Card Reader, DVD+-RW Burner",,"1,869.99",Free Shipping,3,https://www.newegg.com/silver-17-3-hp-laptop-everyday-value/p/1TS-000D-03H92?Item=9SIA8TK8UA9343,//c1.neweggimages.com/ProductImageCompressAll300/A8TK_1_2019030158504158.jpg
103,Laptops / Notebooks,HP,"HP 17.3"" HD+ Customized Premium Laptop | Intel Core i5-7200U Processor | 16GB RAM 1024GB SSD 500GB HDD | DVD-RW | Backlit Keyboard | HDMI | Windows 10 Black",,898.80,Free Shipping,3,https://www.newegg.com/p/1TS-000D-072K6?Item=9SIAJZDAK05093,//c1.neweggimages.com/ProductImageCompressAll300/AJZD_1_201911151141222203.jpg
104,Laptops / Notebooks,HP,"HP 17 Business Laptop - Windows 7 Professional - Intel Quad-Core i5-8250U, 8GB RAM, 256GB PCIe NVMe SSD + 1TB Storage SSD, 17.3"" HD+ (1600x900) Display,  SD Card Reader, DVD+-RW Burner",,"1,649.99",Free Shipping,3,https://www.newegg.com/silver-17-3-hp-laptop-everyday-value/p/1TS-000D-03HE2?Item=9SIA8TK8UA9420,//c1.neweggimages.com/ProductImageCompressAll300/A8TK_1_2019030158504158.jpg
105,Laptops / Notebooks,HP,"HP 17 Business Laptop - Windows 10 Home - Intel Quad-Core i5-8250U, 32GB RAM, 1TB PCIe NVMe SSD + 1TB Storage HDD, 17.3"" HD+ (1600x900) Display,  SD Card Reader, DVD+-RW Burner",,"1,759.99",Free Shipping,3,https://www.newegg.com/silver-17-3-hp-laptop-everyday-value/p/1TS-000D-03H86?Item=9SIA8TK8UA9323,//c1.neweggimages.com/ProductImageCompressAll300/A8TK_1_2019030158504158.jpg
106,Laptops / Notebooks,HP,"HP 17 Business Laptop - Windows 10 Home - Intel Quad-Core i5-8250U, 8GB RAM, 2TB PCIe NVMe SSD + 2TB Storage HDD, 17.3"" HD+ (1600x900) Display,  SD Card Reader, DVD+-RW Burner",,"1,429.99",Free Shipping,3,https://www.newegg.com/silver-17-3-hp-laptop-everyday-value/p/1TS-000D-03HA5?Item=9SIA8TK8UA9357,//c1.neweggimages.com/ProductImageCompressAll300/A8TK_1_2019030158504158.jpg
107,Laptops / Notebooks,HP,"HP 17 Business Laptop - Windows 10 Pro - Intel Quad-Core i5-8250U, 8GB RAM, 1TB PCIe NVMe SSD + 2TB Storage HDD, 17.3"" HD+ (1600x900) Display,  SD Card Reader, DVD+-RW Burner",,"1,429.99",Free Shipping,3,https://www.newegg.com/silver-17-3-hp-laptop-everyday-value/p/1TS-000D-03HA1?Item=9SIA8TK8UA9353,//c1.neweggimages.com/ProductImageCompressAll300/A8TK_1_2019030158504158.jpg
108,Laptops / Notebooks,HP,"HP 17 Business Laptop - Windows 10 Home - Intel Quad-Core i5-8250U, 32GB RAM, 1TB PCIe NVMe SSD + 4TB Storage SSD, 17.3"" HD+ (1600x900) Display,  SD Card Reader, DVD+-RW Burner",,"2,639.99",Free Shipping,4,https://www.newegg.com/silver-17-3-hp-laptop-everyday-value/p/1TS-000D-03HV4?Item=9SIA8TK8UA9685,//c1.neweggimages.com/ProductImageCompressAll300/A8TK_1_2019030158504158.jpg
109,Laptops / Notebooks,HP,"HP 17 Business Laptop - Linux Mint Cinnamon - Intel Quad-Core i5-8250U, 32GB RAM, 2TB PCIe NVMe SSD, 17.3"" HD+ (1600x900) Display,  SD Card Reader, DVD+-RW Burner",,"1,759.99",Free Shipping,4,https://www.newegg.com/silver-17-3-hp-laptop-everyday-value/p/1TS-000D-03H45?Item=9SIA8TK8UA9267,//c1.neweggimages.com/ProductImageCompressAll300/A8TK_1_2019030158504158.jpg
110,Laptops / Notebooks,HP,"HP 17.3"" HD+ Customized Premium Laptop | Intel Core i5-7200U Processor | 8GB RAM 1024GB SSD | DVD-RW | Backlit Keyboard | HDMI | Windows 10 Black",,825.57,Free Shipping,4,https://www.newegg.com/p/1TS-000D-072J4?Item=9SIAJZDAK05079,//c1.neweggimages.com/ProductImageCompressAll300/AJZD_1_201911151141222203.jpg
111,Laptops / Notebooks,HP,"HP 17 Business Laptop - Windows 10 Home - Intel Quad-Core i5-8250U, 8GB RAM, 2TB PCIe NVMe SSD + 2TB Storage HDD, 17.3"" HD+ (1600x900) Display,  SD Card Reader, DVD+-RW Burner",,"1,429.99",Free Shipping,4,https://www.newegg.com/silver-17-3-hp-laptop-everyday-value/p/1TS-000D-03HA5?Item=9SIA8TK8UA9357,//c1.neweggimages.com/ProductImageCompressAll300/A8TK_1_2019030158504158.jpg
112,Laptops / Notebooks,HP,"HP 17.3"" HD+ Customized Premium Laptop | Intel Core i5-7200U Processor | 16GB RAM 1024GB SSD 500GB HDD | DVD-RW | Backlit Keyboard | HDMI | Windows 10 Black",,898.80,Free Shipping,4,https://www.newegg.com/p/1TS-000D-072K6?Item=9SIAJZDAK05093,//c1.neweggimages.com/ProductImageCompressAll300/AJZD_1_201911151141222203.jpg
113,Laptops / Notebooks,HP,"HP 17.3"" HD+ Customized Premium Laptop | Intel Core i5-7200U Processor | 8GB RAM 512GB SSD | DVD-RW | Backlit Keyboard | HDMI | Windows 10 Black",,739.01,Free Shipping,4,https://www.newegg.com/p/1TS-000D-072G9?Item=9SIAJZDAK05064,//c1.neweggimages.com/ProductImageCompressAll300/AJZD_1_201911151141222203.jpg
114,Laptops / Notebooks,HP,"HP 17 Business Laptop - Windows 10 Home - Intel Quad-Core i5-8250U, 32GB RAM, 1TB PCIe NVMe SSD + 1TB Storage HDD, 17.3"" HD+ (1600x900) Display,  SD Card Reader, DVD+-RW Burner",,"1,759.99",Free Shipping,4,https://www.newegg.com/silver-17-3-hp-laptop-everyday-value/p/1TS-000D-03H86?Item=9SIA8TK8UA9323,//c1.neweggimages.com/ProductImageCompressAll300/A8TK_1_2019030158504158.jpg
115,Laptops / Notebooks,HP,"HP 17 Business Laptop - Linux Mint Cinnamon - Intel Quad-Core i5-8250U, 32GB RAM, 2TB PCIe NVMe SSD + 1TB Storage HDD, 17.3"" HD+ (1600x900) Display,  SD Card Reader, DVD+-RW Burner",,"1,869.99",Free Shipping,4,https://www.newegg.com/silver-17-3-hp-laptop-everyday-value/p/1TS-000D-03H92?Item=9SIA8TK8UA9343,//c1.neweggimages.com/ProductImageCompressAll300/A8TK_1_2019030158504158.jpg
116,Laptops / Notebooks,HP,"HP 17 Business Laptop - Linux Mint Cinnamon - Intel Quad-Core i5-8250U, 32GB RAM, 1TB PCIe NVMe SSD + 2TB Storage SSD, 17.3"" HD+ (1600x900) Display,  SD Card Reader, DVD+-RW Burner",,"2,089.99",Free Shipping,4,https://www.newegg.com/silver-17-3-hp-laptop-everyday-value/p/1TS-000D-03HP9?Item=9SIA8TK8UA9573,//c1.neweggimages.com/ProductImageCompressAll300/A8TK_1_2019030158504158.jpg
117,Laptops / Notebooks,HP,"HP 17 Business Laptop - Windows 10 Pro - Intel Quad-Core i5-8250U, 8GB RAM, 1TB PCIe NVMe SSD + 2TB Storage HDD, 17.3"" HD+ (1600x900) Display,  SD Card Reader, DVD+-RW Burner",,"1,429.99",Free Shipping,4,https://www.newegg.com/silver-17-3-hp-laptop-everyday-value/p/1TS-000D-03HA1?Item=9SIA8TK8UA9353,//c1.neweggimages.com/ProductImageCompressAll300/A8TK_1_2019030158504158.jpg
118,Laptops / Notebooks,HP,"HP 17 Business Laptop - Linux Mint Cinnamon - Intel Quad-Core i5-8250U, 32GB RAM, 1TB PCIe NVMe SSD + 1TB Storage SSD, 17.3"" HD+ (1600x900) Display,  SD Card Reader, DVD+-RW Burner",,"1,979.99",Free Shipping,4,https://www.newegg.com/silver-17-3-hp-laptop-everyday-value/p/1TS-000D-03HJ2?Item=9SIA8TK8UA9473,//c1.neweggimages.com/ProductImageCompressAll300/A8TK_1_2019030158504158.jpg
119,Laptops / Notebooks,HP,"HP 17 Business Laptop - Linux Mint Cinnamon - Intel Quad-Core i5-8250U, 32GB RAM, 500GB PCIe NVMe SSD + 4TB Storage SSD, 17.3"" HD+ (1600x900) Display,  SD Card Reader, DVD+-RW Burner",,"2,529.99",Free Shipping,4,https://www.newegg.com/silver-17-3-hp-laptop-everyday-value/p/1TS-000D-03HV2?Item=9SIA8TK8UA9683,//c1.neweggimages.com/ProductImageCompressAll300/A8TK_1_2019030158504158.jpg
120,Laptops / Notebooks,HP,"HP 17 Business Laptop - Windows 7 Professional - Intel Quad-Core i5-8250U, 8GB RAM, 256GB PCIe NVMe SSD + 1TB Storage SSD, 17.3"" HD+ (1600x900) Display,  SD Card Reader, DVD+-RW Burner",,"1,649.99",Free Shipping,4,https://www.newegg.com/silver-17-3-hp-laptop-everyday-value/p/1TS-000D-03HE2?Item=9SIA8TK8UA9420,//c1.neweggimages.com/ProductImageCompressAll300/A8TK_1_2019030158504158.jpg
121,Laptops / Notebooks,HP,"HP 17 Business Laptop - Linux Mint Cinnamon - Intel Quad-Core i5-8250U, 8GB RAM, 500GB PCIe NVMe SSD, 17.3"" HD+ (1600x900) Display,  SD Card Reader, DVD+-RW Burner",,"1,044.99",Free Shipping,4,https://www.newegg.com/p/1TS-000D-03H05?Item=9SIA8TK8UA9197,//c1.neweggimages.com/ProductImageCompressAll300/A8TK_1_2019030158504158.jpg
122,Laptops / Notebooks,HP,"HP 17 Business Laptop - Windows 7 Professional - Intel Quad-Core i5-8250U, 32GB RAM, 256GB SSD, 17.3"" HD+ (1600x900) Display,  SD Card Reader, DVD+-RW Burner",,"1,682.99",Free Shipping,4,https://www.newegg.com/silver-17-3-hp-laptop-everyday-value/p/1TS-000D-03GY4?Item=9SIA8TK8UA9151,//c1.neweggimages.com/ProductImageCompressAll300/A8TK_1_2019030158504158.jpg
123,Laptops / Notebooks,HP,"HP 17.3"" HD+ Customized Premium Laptop | Intel Core i5-7200U Processor | 24GB RAM 512GB SSD 500GB HDD | DVD-RW | Backlit Keyboard | HDMI | Windows 10 Black",,878.83,Free Shipping,4,https://www.newegg.com/p/1TS-000D-072S8?Item=9SIAJZDAK05147,//c1.neweggimages.com/ProductImageCompressAll300/AJZD_1_201911151141222203.jpg
124,Laptops / Notebooks,HP,"HP 17.3"" HD+ Customized Premium Laptop | Intel Core i5-7200U Processor | 24GB RAM 128GB SSD 1TB HDD | DVD-RW | Backlit Keyboard | HDMI | Windows 10 Black",,852.20,Free Shipping,4,https://www.newegg.com/p/1TS-000D-072N4?Item=9SIAJZDAK05111,//c1.neweggimages.com/ProductImageCompressAll300/AJZD_1_201911151141222203.jpg
125,Laptops / Notebooks,HP,"HP 17 Business Laptop - Windows 10 Home - Intel Quad-Core i5-8250U, 16GB RAM, 2TB PCIe NVMe SSD, 17.3"" HD+ (1600x900) Display,  SD Card Reader, DVD+-RW Burner",,"1,429.99",Free Shipping,4,https://www.newegg.com/silver-17-3-hp-laptop-everyday-value/p/1TS-000D-03H27?Item=9SIA8TK8UA9232,//c1.neweggimages.com/ProductImageCompressAll300/A8TK_1_2019030158504158.jpg
126,Laptops / Notebooks,HP,"HP 17 Business Laptop - Windows 10 Home - Intel Quad-Core i5-8250U, 32GB RAM, 1TB SSD, 17.3"" HD+ (1600x900) Display,  SD Card Reader, DVD+-RW Burner",,"1,484.99",Free Shipping,4,https://www.newegg.com/silver-17-3-hp-laptop-everyday-value/p/1TS-000D-03GZ1?Item=9SIA8TK8UA9176,//c1.neweggimages.com/ProductImageCompressAll300/A8TK_1_2019030158504158.jpg
127,Laptops / Notebooks,HP,"HP 17 Business Laptop - Linux Mint Cinnamon - Intel Quad-Core i5-8250U, 32GB RAM, 256GB PCIe NVMe SSD, 17.3"" HD+ (1600x900) Display,  SD Card Reader, DVD+-RW Burner",,"1,484.99",Free Shipping,4,https://www.newegg.com/silver-17-3-hp-laptop-everyday-value/p/1TS-000D-03H33?Item=9SIA8TK8UA9239,//c1.neweggimages.com/ProductImageCompressAll300/A8TK_1_2019030158504158.jpg
128,Laptops / Notebooks,HP,"HP 17 Business Laptop - Windows 10 Home - Intel Quad-Core i5-8250U, 8GB RAM, 500GB PCIe NVMe SSD + 4TB Storage SSD, 17.3"" HD+ (1600x900) Display,  SD Card Reader, DVD+-RW Burner",,"2,034.99",Free Shipping,4,https://www.newegg.com/silver-17-3-hp-laptop-everyday-value/p/1TS-000D-03HR8?Item=9SIA8TK8UA9606,//c1.neweggimages.com/ProductImageCompressAll300/A8TK_1_2019030158504158.jpg
129,Laptops / Notebooks,HP,"HP 17.3"" HD+ Customized Premium Laptop | Intel Core i5-7200U Processor | 12GB RAM 256GB SSD 500GB HDD | DVD-RW | Backlit Keyboard | HDMI | Windows 10 Black",,758.99,Free Shipping,4,https://www.newegg.com/p/1TS-000D-072R1?Item=9SIAJZDAK05128,//c1.neweggimages.com/ProductImageCompressAll300/AJZD_1_201911151141222203.jpg
130,Laptops / Notebooks,HP,"HP 17 Business Laptop - Linux Mint Cinnamon - Intel Quad-Core i5-8250U, 16GB RAM, 500GB PCIe NVMe SSD, 17.3"" HD+ (1600x900) Display,  SD Card Reader, DVD+-RW Burner",,"1,209.99",Free Shipping,4,https://www.newegg.com/silver-17-3-hp-laptop-everyday-value/p/1TS-000D-03H21?Item=9SIA8TK8UA9223,//c1.neweggimages.com/ProductImageCompressAll300/A8TK_1_2019030158504158.jpg
131,Laptops / Notebooks,HP,"HP 17 Business Laptop - Windows 7 Professional - Intel Quad-Core i5-8250U, 8GB RAM, 2TB PCIe NVMe SSD + 1TB Storage SSD, 17.3"" HD+ (1600x900) Display,  SD Card Reader, DVD+-RW Burner",,"1,924.99",Free Shipping,4,https://www.newegg.com/silver-17-3-hp-laptop-everyday-value/p/1TS-000D-03HF4?Item=9SIA8TK8UA9436,//c1.neweggimages.com/ProductImageCompressAll300/A8TK_1_2019030158504158.jpg
132,Laptops / Notebooks,HP,"HP 17 Business Laptop - Windows 10 Home - Intel Quad-Core i5-8250U, 32GB RAM, 500GB PCIe NVMe SSD, 17.3"" HD+ (1600x900) Display,  SD Card Reader, DVD+-RW Burner",,"1,539.99",Free Shipping,4,https://www.newegg.com/silver-17-3-hp-laptop-everyday-value/p/1TS-000D-03H35?Item=9SIA8TK8UA9243,//c1.neweggimages.com/ProductImageCompressAll300/A8TK_1_2019030158504158.jpg
133,Laptops / Notebooks,HP,"HP 17.3"" HD+ Customized Premium Laptop | Intel Core i5-7200U Processor | 16GB RAM 256GB SSD 500GB HDD | DVD-RW | Backlit Keyboard | HDMI | Windows 10 Black",,785.62,Free Shipping,4,https://www.newegg.com/p/1TS-000D-072N3?Item=9SIAJZDAK05110,//c1.neweggimages.com/ProductImageCompressAll300/AJZD_1_201911151141222203.jpg
134,Laptops / Notebooks,HP,"HP 17 Business Laptop - Linux Mint Cinnamon - Intel Quad-Core i5-8250U, 32GB RAM, 256GB PCIe NVMe SSD + 1TB Storage SSD, 17.3"" HD+ (1600x900) Display,  SD Card Reader, DVD+-RW Burner",,"1,814.99",Free Shipping,4,https://www.newegg.com/silver-17-3-hp-laptop-everyday-value/p/1TS-000D-03HH4?Item=9SIA8TK8UA9463,//c1.neweggimages.com/ProductImageCompressAll300/A8TK_1_2019030158504158.jpg
135,Laptops / Notebooks,HP,"HP 17 Business Laptop - Windows 10 Pro - Intel Quad-Core i5-8250U, 32GB RAM, 256GB PCIe NVMe SSD, 17.3"" HD+ (1600x900) Display,  SD Card Reader, DVD+-RW Burner",,"1,594.99",Free Shipping,4,https://www.newegg.com/silver-17-3-hp-laptop-everyday-value/p/1TS-000D-03H30?Item=9SIA8TK8UA9235,//c1.neweggimages.com/ProductImageCompressAll300/A8TK_1_2019030158504158.jpg
136,Laptops / Notebooks,HP,"HP 17.3"" HD+ Customized Premium Laptop | Intel Core i5-7200U Processor | 24GB RAM 1024GB SSD | DVD-RW | Backlit Keyboard | HDMI | Windows 10 Black",,945.41,Free Shipping,4,https://www.newegg.com/p/1TS-000D-072U0?Item=9SIAJZDAK05159,//c1.neweggimages.com/ProductImageCompressAll300/AJZD_1_201911151141222203.jpg
137,Laptops / Notebooks,HP,"HP 17 Business Laptop - Windows 10 Pro - Intel Quad-Core i5-8250U, 8GB RAM, 1TB PCIe NVMe SSD + 4TB Storage SSD, 17.3"" HD+ (1600x900) Display,  SD Card Reader, DVD+-RW Burner",,"2,254.99",Free Shipping,4,https://www.newegg.com/silver-17-3-hp-laptop-everyday-value/p/1TS-000D-03HS1?Item=9SIA8TK8UA9613,//c1.neweggimages.com/ProductImageCompressAll300/A8TK_1_2019030158504158.jpg
138,Laptops / Notebooks,HP,"HP 17 Business Laptop - Linux Mint Cinnamon - Intel Quad-Core i5-8250U, 16GB RAM, 256GB PCIe NVMe SSD, 17.3"" HD+ (1600x900) Display,  SD Card Reader, DVD+-RW Burner",,"1,154.99",Free Shipping,4,https://www.newegg.com/silver-17-3-hp-laptop-everyday-value/p/1TS-000D-03H17?Item=9SIA8TK8UA9217,//c1.neweggimages.com/ProductImageCompressAll300/A8TK_1_2019030158504158.jpg
139,Laptops / Notebooks,HP,"HP 17 Business Laptop - Windows 10 Pro - Intel Quad-Core i5-8250U, 16GB RAM, 256GB SSD, 17.3"" HD+ (1600x900) Display,  SD Card Reader, DVD+-RW Burner",,"1,297.99",Free Shipping,4,https://www.newegg.com/silver-17-3-hp-laptop-everyday-value/p/1TS-000D-03GW2?Item=9SIA8TK8UA9119,//c1.neweggimages.com/ProductImageCompressAll300/A8TK_1_2019030158504158.jpg
140,Laptops / Notebooks,HP,"HP 17.3"" HD+ Customized Premium Laptop | Intel Core i5-7200U Processor | 16GB RAM 1TB HDD | DVD-RW | Backlit Keyboard | HDMI | Windows 10 Black",,758.99,Free Shipping,4,https://www.newegg.com/p/1TS-000D-072M0?Item=9SIAJZDAK05098,//c1.neweggimages.com/ProductImageCompressAll300/AJZD_1_201911151141222203.jpg
141,Laptops / Notebooks,HP,"HP 17 Business Laptop - Windows 7 Professional - Intel Quad-Core i5-8250U, 8GB RAM, 1TB PCIe NVMe SSD + 2TB Storage SSD, 17.3"" HD+ (1600x900) Display,  SD Card Reader, DVD+-RW Burner",,"1,924.99",Free Shipping,4,https://www.newegg.com/silver-17-3-hp-laptop-everyday-value/p/1TS-000D-03HK6?Item=9SIA8TK8UA9519,//c1.neweggimages.com/ProductImageCompressAll300/A8TK_1_2019030158504158.jpg
142,Laptops / Notebooks,HP,"HP 17 Business Laptop - Windows 7 Professional - Intel Quad-Core i5-8250U, 16GB RAM, 500GB PCIe NVMe SSD + 1TB Storage SSD, 17.3"" HD+ (1600x900) Display,  SD Card Reader, DVD+-RW Burner",,"1,869.99",Free Shipping,4,https://www.newegg.com/silver-17-3-hp-laptop-everyday-value/p/1TS-000D-03HG1?Item=9SIA8TK8UA9445,//c1.neweggimages.com/ProductImageCompressAll300/A8TK_1_2019030158504158.jpg
143,Laptops / Notebooks,HP,"HP 17.3"" HD+ Customized Premium Laptop | Intel Core i5-7200U Processor | 24GB RAM 128GB SSD | DVD-RW | Backlit Keyboard | HDMI | Windows 10 Black",,812.25,Free Shipping,4,https://www.newegg.com/p/1TS-000D-072M6?Item=9SIAJZDAK05103,//c1.neweggimages.com/ProductImageCompressAll300/AJZD_1_201911151141222203.jpg
