,item_number,brand,model_specifications,price,current_promotions,shipping,page_number,product_links,image_link
0,Item=N82E16834233304,GIGABYTE,"GIGABYTE AERO 15 Classic-SA-U74ADP Gaming Laptop - 15.6"" 4K/UHD IPS - Intel Core i7-9750H 2.60 GHz - NVIDIA GeForce GTX 1660 Ti - 16 GB Memory 512 GB SSD - Windows 10 Pro 64-bit","$1,379.00",,Free Shipping,1,https://www.newegg.com/p/N82E16834233304?Item=N82E16834233304,//c1.neweggimages.com/NeweggImage/ProductImageCompressAll300/34-233-304-S01.jpg
1,Item=N82E16834316901,Acer America,"Acer Laptop Aspire 5 A515-54-55AA Intel Core i5 10th Gen 10210U (1.60 GHz) 8 GB Memory 256 GB SSD Intel UHD Graphics 15.6"" Windows 10 Home 64-bit",$559.99,"Save $10 w/ Win10 Pro upgrade combo purchase, limited offer",Free Shipping,1,https://www.newegg.com/silver-acer-aspire-5-a515-54-55aa/p/N82E16834316901?Item=N82E16834316901,//c1.neweggimages.com/NeweggImage/ProductImageCompressAll300/34-316-901-V01.jpg
2,Item=N82E16834235247,ASUS,"ASUS VivoBook S15 S532 Thin & Light 15.6” FHD, Intel Core i7-8565U CPU, 8GB DDR4 RAM, PCIe NVMe 512GB SSD, Windows 10 Home, S532FA-SB77, Transparent Silver",$749.99,"Save $20 w/ Win10 Pro upgrade purchase, limited offer",Free Shipping,1,https://www.newegg.com/transparent-silver-asus-vivobook-s15-s532fa-sb77-mainstream/p/N82E16834235247?Item=N82E16834235247,//c1.neweggimages.com/NeweggImage/ProductImageCompressAll300/34-235-247-V17.jpg
3,Item=N82E16834235252,ASUS,"ASUS VivoBook S15 S532 Thin & Light 15.6"" FHD, Intel Core i7-8565U CPU, GeForce MX250, 8 GB DDR4 RAM, 256 GB PCIe NVMe SSD, IR Camera, Windows 10 Home, S532FL-EB71, Transparent Silver",$799.99,"Save $20 w/ Win10 Pro upgrade purchase, limited offer",Free Shipping,1,https://www.newegg.com/transparent-silver-metal-asus-vivobook-s15-s532fl-eb71-mainstream/p/N82E16834235252?Item=N82E16834235252,//c1.neweggimages.com/NeweggImage/ProductImageCompressAll300/34-235-252-V15.jpg
4,Item=1TS-001A-010U1,ASUS,"Asus TUF Gaming Laptop, 15.6"" Full HD IPS-Type, Intel Core i7-9750H, GeForce GTX 1650, 8 GB DDR4, 512 GB PCIe SSD, Gigabit Wi-Fi 5, Windows 10 Home, TUF505GT-AH73 Notebook PC Computer",$849.99,,Free Shipping,1,https://www.newegg.com/metal-tank-gray-asus-tuf-gaming-tuf505gt-ah73-gaming-entertainment/p/1TS-001A-010U1?Item=1TS-001A-010U1,//c1.neweggimages.com/NeweggImage/ProductImageCompressAll300/1TS-001A-010U1-S01.jpg
5,Item=N82E16834235175,ASUS,"ASUS ZenBook S13 Ultra Thin & Light Laptop 13.9"" FHD, Intel Core i7-8565U CPU, GeForce MX150, 8 GB RAM, 512 GB PCIe SSD, Windows 10 Pro, Silver Blue, UX392FN-XS71",$999.99,"Save $279.99 w/ ASUS Zenfone Max (value of $299.99) combo purchase, limited offer",Free Shipping,1,https://www.newegg.com/utopia-blue-asus-zenbook-ux392fn-xs71-mainstream/p/N82E16834235175?Item=N82E16834235175,//c1.neweggimages.com/NeweggImage/ProductImageCompressAll300/34-235-175-V19.jpg
6,Item=N82E16834845915,Lenovo,"Lenovo Laptop 100e 81CYX502US Intel Celeron N3350 (1.1 GHz) 4 GB LPDDR4 Memory 128 GB eMMC Intel HD Graphics 500 11.6"" Windows 10 Pro 64-bit",$249.99,,Free Shipping,1,https://www.newegg.com/lenovo-81cyx502us/p/N82E16834845915?Item=N82E16834845915,//c1.neweggimages.com/NeweggImage/ProductImageCompressAll300/34-845-915-S01.jpg
7,Item=N82E16834155344,MSI,"MSI Laptop PS Series PS42 Modern-074 Intel Core i7 8th Gen 8550U (1.80 GHz) 16 GB Memory 256 GB NVMe SSD NVIDIA GeForce GTX 1050 Max-Q 14.0"" Windows 10 Home 64-bit",$899.99,,Free Shipping,1,https://www.newegg.com/grey-with-blue-diamond-cut-msi-ps-series-ps42-modern-074/p/N82E16834155344?Item=N82E16834155344,//c1.neweggimages.com/NeweggImage/ProductImageCompressAll300/34-155-344-V10.jpg
8,Item=N82E16834235321,ASUS,"ASUS VivoBook S14 S432 Thin and Light 14"" FHD, Intel Core i7-8565U CPU, 8 GB RAM, 512 GB PCIe NVMe SSD, IR Camera, Windows 10 Home, S432FA-AB74, Transparent Silver",$749.99,"Save $20 w/ Win10 Pro upgrade purchase, limited offer",Free Shipping,1,https://www.newegg.com/transparent-silver-asus-vivobook-s14-s432-mainstream/p/N82E16834235321?Item=N82E16834235321,//c1.neweggimages.com/NeweggImage/ProductImageCompressAll300/A8X5S2001298HDjt.jpg
9,Item=N82E16834849822,DELL,"DELL Laptop XPS XPS9370-7002SLV Intel Core i7 8th Gen 8550U (1.80 GHz) 8 GB Memory 256 GB PCIe SSD Intel UHD Graphics 620 13.3"" Windows 10 Home 64-bit","$1,060.99",,Free Shipping,1,https://www.newegg.com/silver-machined-aluminum-dell-xps9370-7002slv-mainstream/p/N82E16834849822?Item=N82E16834849822,//c1.neweggimages.com/NeweggImage/ProductImageCompressAll300/34-849-822-Z09.jpg
10,Item=1TS-000X-00VT0,Acer America,"Acer Aspire 3 15.6"" - AMD Ryzen 7 2700U Quad-core (4 Core) 2.20 GHz - 8 GB DDR4 SDRAM - 256 GB SSD - Windows 10 Home 64-bit - 1920 x 1080 - A315-41-R14K - NX.GY9AA.014 - Obsidian Black",$529.99,,Free Shipping,1,https://www.newegg.com/obsidian-black-acer-aspire-3-a315-41-r14k-mainstream/p/1TS-000X-00VT0?Item=1TS-000X-00VT0,//c1.neweggimages.com/NeweggImage/ProductImageCompressAll300/1TS-000X-00VT0-V13.jpg
11,Item=N82E16834235279,ASUS,"ASUS ZenBook Pro Duo UX581 15.6"" 4K UHD NanoEdge Bezel Touch, Intel Core i7-9750H, 16 GB RAM, 1 TB PCIe SSD, GeForce RTX 2060, Innovative ScreenPad Plus, Windows 10 Pro - UX581GV-XB74T, Celestial Blue","$2,450.99","Get 3 months of Adobe Creative Cloud w/ purchase, while supplies last",Free Shipping,1,https://www.newegg.com/celestial-blue-asus-zenbook-pro-duo-ux581gv-xb74t-gaming-entertainment/p/N82E16834235279?Item=N82E16834235279,//c1.neweggimages.com/NeweggImage/ProductImageCompressAll300/34-235-279-V30.jpg
12,Item=N82E16834235318,ASUS,"ASUS ZenBook 14 Ultra Thin and Light Laptop, 4-Way NanoEdge 14"" FHD, Intel Core i7-10510U, 8 GB RAM, 512 GB PCIe SSD, NVIDIA GeForce MX250, Windows 10 Home, Utopia Blue, UX431FL-EH74",$882.99,,Free Shipping,1,https://www.newegg.com/silver-asus-ux431fl-eh74/p/N82E16834235318?Item=N82E16834235318,//c1.neweggimages.com/NeweggImage/ProductImageCompressAll300/34-235-318-S31.jpg
13,Item=N82E16834235302,ASUS,"ASUS ZenBook 14 Ultra-Slim Laptop 14"" Full HD 4-Way NanoEdge Bezel, AMD R7 3700U CPU, 8 GB RAM, 512 GB PCIe SSD, NumberPad, Windows 10 - UM433DA-DH75, Icicle Silver",$749.99,,Free Shipping,1,https://www.newegg.com/icicle-silver-asus-zenbook-um433da-dh75-mainstream/p/N82E16834235302?Item=N82E16834235302,//c1.neweggimages.com/NeweggImage/ProductImageCompressAll300/34-235-302-V01.jpg
14,Item=N82E16834235138,ASUS,"ASUS ZenBook S, 13.3” UHD 4K Touch, 8th Gen Whiskey Lake Intel Core i7-8565U Processor, 16GB RAM, 512GB PCIe SSD, FP Sensor, Thunderbolt, Windows 10 Professional - UX391FA-XH74T Deep Dive Blue laptop","$1,149.99","Save $279.99 w/ ASUS Zenfone Max (value of $299.99) combo purchase, limited offer",Free Shipping,1,https://www.newegg.com/deep-dive-blue-rose-gold-asus-logo-zenbook-s-ux391fa-xh74t-mainstream/p/N82E16834235138?Item=N82E16834235138,//c1.neweggimages.com/NeweggImage/ProductImageCompressAll300/34-235-138-V19.jpg
15,Item=N82E16834235288,ASUS,"ASUS Laptop ZenBook UX434FLC-XH77 Intel Core i7 10th Gen 10510U (1.80 GHz) 16 GB LPDDR3 Memory 512 GB SSD NVIDIA GeForce MX250 14.0"" Windows 10 Pro 64-bit","$1,187.99",,Free Shipping,1,https://www.newegg.com/dark-royal-blue-asus-zenbook-ux434flc-xh77-mainstream/p/N82E16834235288?Item=N82E16834235288,//c1.neweggimages.com/NeweggImage/ProductImageCompressAll300/34-235-288-V01.jpg
16,Item=N82E16834233276,GIGABYTE,"GIGABYTE AERO 17 WA-7US1130SO - 17.3"" 144 Hz IPS - Intel Core i7 9th Gen 9750H (2.60 GHz) - NVIDIA GeForce RTX 2060 - 16 GB Memory 512 GB SSD - Windows 10 Home 64-bit - Gaming Laptop","$1,899.00","Get 3 months of Adobe Creative Cloud w/ purchase, while supplies last",Free Shipping,1,https://www.newegg.com/p/N82E16834233276?Item=N82E16834233276,//c1.neweggimages.com/NeweggImage/ProductImageCompressAll300/34-233-276-V01.jpg
17,Item=N82E16834235294,ASUS,"ASUS VivoBook S15 S532 Thin & Light Laptop, 15.6"" FHD, Intel Core i5-10210U CPU, 8 GB DDR4 RAM, 512 GB PCIe SSD, Windows 10 Home, IR camera, S532FA-DH55, Transparent Silver - Metal",$799.99,,Free Shipping,1,https://www.newegg.com/transparent-silver-asus-vivobook-s-s532fa-dh55-mainstream/p/N82E16834235294?Item=N82E16834235294,//c1.neweggimages.com/NeweggImage/ProductImageCompressAll300/34-235-294-S01.jpg
18,Item=N82E16834235169,ASUS,"ASUS ZenBook 14, Intel Core Whiskey Lake i5-8265U, 8 GB RAM, 256 GB NVMe PCIe SSD, NumberPad, Wi-Fi 5, Windows 10, Ultra Thin and Light Laptop, 4-Way NanoEdge 14"" FHD, Silver Blue, UX431FA-ES51",$796.99,,$2.99 Shipping,1,https://www.newegg.com/utopia-blue-metal-asus-zenbook-ux431fa-es51-mainstream/p/N82E16834235169?Item=N82E16834235169,//c1.neweggimages.com/NeweggImage/ProductImageCompressAll300/34-235-169-V15.jpg
19,Item=N82E16834235170,ASUS,"ASUS ZenBook 14, Intel Core Whiskey Lake i7-8565U, 8 GB RAM, 512 GB NVMe PCIe SSD, Wi-Fi 5, Windows 10, Silver Blue, Ultra Thin and Light Laptop, 4-Way NanoEdge 14"" FHD UX431FA-ES74",$872.99,,Free Shipping,1,https://www.newegg.com/utopia-blue-metal-asus-zenbook-ux431fa-es74-mainstream/p/N82E16834235170?Item=N82E16834235170,//c1.neweggimages.com/NeweggImage/ProductImageCompressAll300/34-235-170-V17.jpg
20,Item=1TS-000X-00V20,Acer America,"Acer Aspire 3 A315-32-C3KK 15.6"" LCD Notebook - Intel Celeron N4100 Quad-core (4 Core) 1.10 GHz - 4 GB DDR4 SDRAM - 1 TB HDD - Windows 10 Home 64-bit - 1920 x 1080 - ComfyView - Oxidant Red",$349.99,,$2.99 Shipping,1,https://www.newegg.com/p/1TS-000X-00V20?Item=1TS-000X-00V20,//c1.neweggimages.com/NeweggImage/ProductImageCompressAll300/A00V_131926615431596935IKmY6QH87o.jpg
21,Item=N82E16834736106,Microsoft,"Microsoft Surface Laptop 3 - 13.5"" Touch-Screen - Intel Core i5 - 8 GB Memory - 128 GB Solid State Drive (Latest Model) - Platinum with Alcantara",$999.00,,$2.99 Shipping,1,https://www.newegg.com/platinum-with-alcantara-material-palm-rest-microsoft-surface-laptop-3-vgy-00001-mainstream/p/N82E16834736106?Item=N82E16834736106,//c1.neweggimages.com/NeweggImage/ProductImageCompressAll300/34-736-106-V01.jpg
22,Item=N82E16834235295,ASUS,"ASUS VivoBook S15 S532 Thin & Light Laptop, 15.6"" FHD, Intel Core i5-10210U CPU, 8 GB DDR4 RAM, 512 GB PCIe SSD, Windows 10 Home, IR camera, S532FA-DH55-GN, Moss Green - Metal",$799.99,,Free Shipping,1,https://www.newegg.com/green-asus-vivobook-s-s532fa-dh55-gn-mainstream/p/N82E16834235295?Item=N82E16834235295,//c1.neweggimages.com/NeweggImage/ProductImageCompressAll300/34-235-295-V11.jpg
23,Item=1TS-000D-039R3,HP,"HP Laptop ProBook 450 G6 (5VC00UT#ABA) Intel Core i5 8th Gen 8265U (1.60 GHz) 8 GB Memory 256 GB SSD Intel UHD Graphics 620 15.6"" 1920 x 1080 Windows 10 Pro 64-bit",$849.00,,Free Shipping,1,https://www.newegg.com/natural-silver-hp-probook-450-g6-mainstream/p/1TS-000D-039R3?Item=1TS-000D-039R3,//c1.neweggimages.com/NeweggImage/ProductImageCompressAll300/A19P_1_201904111655030926.jpg
24,Item=N82E16834847258,Lenovo,"Lenovo Laptop IdeaPad 130S-11IGM 81KT0000US Intel Pentium Silver N5000 (1.10 GHz) 4 GB LPDDR4 Memory 64 GB eMMC Intel UHD Graphics 605 11.6"" Windows 10 S",$299.99,,$2.99 Shipping,1,https://www.newegg.com/mineral-grey-lenovo-ideapad-130s-11igm-81kt0000us-mainstream/p/N82E16834847258?Item=N82E16834847258,//c1.neweggimages.com/NeweggImage/ProductImageCompressAll300/34-847-258-V17.jpg
25,Item=N82E16834847844,Lenovo,"Lenovo Laptop IdeaPad S940 81R00004US Intel Core i7 8th Gen 8565U (1.80 GHz) 8 GB LPDDR3 Memory 256 GB PCIe SSD Intel UHD Graphics 620 14.0"" Windows 10 Home 64-bit","$1,499.99",,Free Shipping,1,https://www.newegg.com/iron-grey-lenovo-ideapad-s940-81r00004us-mainstream/p/N82E16834847844?Item=N82E16834847844,//c1.neweggimages.com/NeweggImage/ProductImageCompressAll300/34-847-844-V12.jpg
26,Item=N82E16834235291R,ASUS,"Open Box: ASUS VivoBook 15 Thin and Light Laptop, 15.6"" Full HD, AMD Quad Core R7-3700U CPU, 8 GB DDR4 RAM, 512 GB SSD, AMD Radeon Vega 10 Graphics, Windows 10 Home, F512DA-NH77, Slate Gray",$577.99,,$2.99 Shipping,1,https://www.newegg.com/slate-gray-asus-f512da-nh77-mainstream/p/N82E16834235291R?Item=N82E16834235291R,//c1.neweggimages.com/NeweggImage/ProductImageCompressAll300/34-235-291-S26.jpg
27,Item=2WC-0001-00233,HP,"HP Laptop ProBook 645 G4 (4LB42UT#ABA) AMD Ryzen 7 1st Gen 2700U (2.20 GHz) 8 GB Memory 256 GB PCIe NVMe SSD AMD Radeon RX Vega 10 14.0"" Windows 10 Pro 64-Bit",$799.00,,Free Shipping,1,https://www.newegg.com/hp-probook-645-g4-mainstream/p/2WC-0001-00233?Item=2WC-0001-00233,//c1.neweggimages.com/NeweggImage/ProductImageCompressAll300/V112_1_20190327543337532.jpg
28,Item=N82E16834316873,Acer America,"Acer Laptop Swift 5 SF514-54T-5428 Intel Core i5 10th Gen 1035G1 (1.00 GHz) 8 GB LPDDR4 Memory 512 GB SSD Intel UHD Graphics 14"" Touchscreen Windows 10 Home 64-bit",$899.99,,$2.99 Shipping,1,https://www.newegg.com/charcoal-blue-acer-swift-5-sf514-54t-5428-mainstream/p/N82E16834316873?Item=N82E16834316873,//c1.neweggimages.com/NeweggImage/ProductImageCompressAll300/34-316-873-S01.jpg
29,Item=N82E16834155294,MSI,"MSI Laptop Modern 14 A10M-460 Intel Core i5 10th Gen 10210U (1.60 GHz) 8 GB Memory 512 GB NVMe SSD 14.0"" Windows 10 Home 64-bit",$749.00,,$2.99 Shipping,1,https://www.newegg.com/grey-with-blue-diamond-cut-msi-modern-14-a10m-460-mainstream/p/N82E16834155294?Item=N82E16834155294,//c1.neweggimages.com/NeweggImage/ProductImageCompressAll300/34-155-294-V01.jpg
30,Item=N82E16834155175,MSI,"MSI Laptop P Series P65 Creator-654 Intel Core i9 9th Gen 9880H (2.30 GHz) 32 GB Memory 1 TB NVMe SSD NVIDIA GeForce RTX 2070 15.6"" 4K/UHD Windows 10 Pro 64-bit","$2,699.00","Get 3 months of Adobe Creative Cloud w/ purchase, while supplies last",Free Shipping,1,https://www.newegg.com/space-gray-with-silver-diamond-cut-msi-p-series-p65-creator-654-gaming-entertainment/p/N82E16834155175?Item=N82E16834155175,//c1.neweggimages.com/NeweggImage/ProductImageCompressAll300/34-155-175-V31.jpg
31,Item=N82E16834272218,HP,"HP Mobile Thin Client Notebook Mt44 4JA74UA#ABA AMD Ryzen 3 1st Gen 2300U (2.00 GHz) 8 GB Memory 128 GB SSD AMD Radeon Vega 6 14.0"" Windows 10 Pro 64-bit",$349.99,,Free Shipping,1,https://www.newegg.com/hp-mt44-4ja74ua-aba/p/N82E16834272218?Item=N82E16834272218,//c1.neweggimages.com/NeweggImage/ProductImageCompressAll300/34-272-218-S08.jpg
32,Item=N82E16834155379,MSI,"MSI Laptop Modern 15 A10RAS-096 Intel Core i7 10th Gen 10510U (1.80 GHz) 16 GB Memory 512 GB NVMe SSD NVIDIA GeForce MX330 15.6"" Windows 10 Home 64-bit",$949.00,,$2.99 Shipping,1,https://www.newegg.com/black-msi-modern-15-a10ras-096-mainstream/p/N82E16834155379?Item=N82E16834155379,//c1.neweggimages.com/NeweggImage/ProductImageCompressAll300/34-155-379-S01.jpg
33,Item=N82E16834316751,Acer America,"Acer Chromebook 512 C851T-C253 12"" Touchscreen Chromebook - 1366 x 912 - Celeron N4000 - 4 GB RAM - 32 GB Flash Memory - Black",$386.99,,$2.99 Shipping,1,https://www.newegg.com/p/N82E16834316751?Item=N82E16834316751,//c1.neweggimages.com/NeweggImage/ProductImageCompressAll300/34-316-751-V01.jpg
34,Item=N82E16834233265,GIGABYTE,AERO 15 XA-7US2130SH FHD 240 Hz i7-9750H NVIDIA GeForce RTX 2070 Max-Q 8 GB GDDR6 16 GB RAM 512 GB M.2 PCIe SSD Win 10 Home Gaming Laptop,"$2,299.00","Get 3 months of Adobe Creative Cloud w/ purchase, while supplies last",Free Shipping,1,https://www.newegg.com/p/N82E16834233265?Item=N82E16834233265,//c1.neweggimages.com/NeweggImage/ProductImageCompressAll300/34-233-265-S01.jpg
35,Item=N82E16834736088,Microsoft,"Microsoft Surface Laptop 3 - 15"" Touch-Screen - AMD Ryzen 5 Microsoft Surface Edition - 16 GB Memory - 256 GB Solid State Drive - Platinum","$1,699.00",,$2.99 Shipping,1,https://www.newegg.com/platinum-microsoft-surface-laptop-3-v9r-00001-mainstream/p/N82E16834736088?Item=N82E16834736088,//c1.neweggimages.com/NeweggImage/ProductImageCompressAll300/34-736-088-V07.jpg
36,Item=1TS-0016-00N96,MSI,"MSI Creator 15M A9SE-043 15.6"" 120Hz FHD Creator Laptop Intel Core i7-9750H RTX2060 16GB 1TB NVMe SSD Win10","$1,399.99",,Free Shipping,2,https://www.newegg.com/p/1TS-0016-00N96?Item=1TS-0016-00N96,//c1.neweggimages.com/NeweggImage/ProductImageCompressAll300/AKVH_1_20191103286370231.jpg
37,Item=N82E16834850792,Lenovo,"Lenovo ThinkPad T480s 20L7002CUS 14"" LCD Notebook - Intel Core i5 (8th Gen) i5-8350U Quad-core (4 Core) 1.70 GHz - 8 GB DDR4 SDRAM - 256 GB SSD - Windows 10 Pro 64-bit (English) - 1920 x 1080 - In-...","$1,039.99",,$2.99 Shipping,2,https://www.newegg.com/p/N82E16834850792?Item=N82E16834850792,//c1.neweggimages.com/NeweggImage/ProductImageCompressAll300/34-850-792-V04.jpg
38,Item=N82E16834271180,HP,"HP Laptop 17-ca0056nr AMD A9-Series A9-9425 (3.10 GHz) 8 GB Memory 1 TB HDD AMD Radeon R5 Series 17.3"" Windows 10 Home 64-bit",$500.99,,$3.99 Shipping,2,https://www.newegg.com/hp-finish-in-chalkboard-gray-and-ash-silver-with-a-matte-finish-in-a-mesh-knit-vertical-brushed-patt/p/N82E16834271180?Item=N82E16834271180,//c1.neweggimages.com/NeweggImage/ProductImageCompressAll300/34-271-180-V05.jpg
39,Item=1TS-000E-0EH12,Lenovo,"Lenovo ThinkPad P53 Mobile Workstation 20QN001VUS - Intel Six Core i7-9850H, 16GB RAM, 512GB PCIe NVMe SSD, 15.6"" HDR 400 FHD IPS 500nits Display, NVIDIA Quadro T2000 4GB Graphics, Windows 10 Pro","$2,347.99",,$8.69 Shipping,2,https://www.newegg.com/p/1TS-000E-0EH12?Item=1TS-000E-0EH12,//c1.neweggimages.com/NeweggImage/ProductImageCompressAll300/A6ZP_1_201908121988867776.jpg
40,Item=N82E16834235424,ASUS,"ASUS ZenBook 13 Ultra-Slim Durable Laptop 13.3"" FHD WideView, Intel Core i7-10510U, 16 GB RAM, 512 GB PCIe SSD, NumberPad, Windows 10 Pro - UX333FAC-XS77, Royal Blue",$999.99,,Free Shipping,2,https://www.newegg.com/royal-blue-metal-asus-zenbook-ux333fac-xs77-mainstream/p/N82E16834235424?Item=N82E16834235424,//c1.neweggimages.com/NeweggImage/ProductImageCompressAll300/34-235-424-V21.jpg
41,Item=N82E16834235286R,ASUS,"Open Box: ASUS ZenBook 15 Ultra-Slim Laptop 15.6"" 4K UHD NanoEdge Bezel, Intel Core i7-10510U, 16 GB RAM, 1 TB PCIe SSD, GeForce GTX 1650, Innovative ScreenPad 2.0, Windows 10 Pro, UX534FTC-NH76, Royal Blue","$1,399.99",,Free Shipping,2,https://www.newegg.com/royal-blue-asus-zenbook-ux534ftc-nh76-gaming-entertainment/p/N82E16834235286R?Item=N82E16834235286R,//c1.neweggimages.com/NeweggImage/ProductImageCompressAll300/34-235-286-V19.jpg
42,Item=N82E16834132261,SAMSUNG,"SAMSUNG Laptop Notebook Flash NP530XBB-K01US Intel Celeron N4000 (1.10 GHz) 4 GB LPDDR4 Memory 64 GB eMMC SSD Intel UHD Graphics 600 13.3"" Windows 10 Home 64-bit",$349.99,,$2.99 Shipping,2,https://www.newegg.com/twill-charcoal-samsung-notebook-flash-np530xbb-k01us-everyday-value/p/N82E16834132261?Item=N82E16834132261,//c1.neweggimages.com/NeweggImage/ProductImageCompressAll300/34-132-261-Z01.jpg
43,Item=N82E16834155308,MSI,"MSI Laptop Prestige 14 A10SC-021 Intel Core i7 10th Gen 10710U (1.10 GHz) 16 GB Memory 1 TB NVMe SSD NVIDIA GeForce GTX 1650 Max-Q 14.0"" Windows 10 Pro 64-bit","$1,699.99",,$9.18 Shipping,2,https://www.newegg.com/grey-with-blue-diamond-cut-msi-prestige-14-a10sc-021-mainstream/p/N82E16834155308?Item=N82E16834155308,//c1.neweggimages.com/NeweggImage/ProductImageCompressAll300/34-155-308-V01.jpg
44,Item=N82E16834155381,MSI,"MSI Laptop Modern 15 A10M-098 Intel Core i5 10th Gen 10210U (1.60 GHz) 8 GB Memory 512 GB NVMe SSD Intel UHD Graphics 15.6"" Windows 10 Home 64-bit",$749.00,,$2.99 Shipping,2,https://www.newegg.com/black-msi-modern-15-a10m-098-mainstream/p/N82E16834155381?Item=N82E16834155381,//c1.neweggimages.com/NeweggImage/ProductImageCompressAll300/34-155-381-S01.jpg
45,Item=N82E16834270989,HP,"HP Laptop ProBook 445 G6 (6KJ26UT#ABA) AMD Ryzen 7 1st Gen 2700U (2.20 GHz) 16 GB Memory 512 GB SSD AMD Radeon Vega 10 14.0"" Windows 10 Pro 64-bit","$1,049.00",,$2.99 Shipping,2,https://www.newegg.com/silver-hp-probook-445-g6-mainstream/p/N82E16834270989?Item=N82E16834270989,//c1.neweggimages.com/NeweggImage/ProductImageCompressAll300/A24G_1_20190306820040026.jpg
46,Item=N82E16834316467,Acer America,"Acer TravelMate P2 P2410-G2-M TMP2410-G2-M-55HN 14"" LCD Notebook - Intel Core i5 (8th Gen) i5-8250U Quad-core (4 Core) 1.60 GHz - 8 GB DDR4 SDRAM - 500 GB HDD - Windows 10 Pro 64-bit - 1366 x 768",$819.99,,$2.99 Shipping,2,https://www.newegg.com/black-acer-travelmate-p2-tmp2410-g2-m-55hn/p/N82E16834316467?Item=N82E16834316467,//c1.neweggimages.com/NeweggImage/ProductImageCompressAll300/34-316-467-V17.jpg
47,Item=1TS-000E-0DAZ3,Lenovo,"Lenovo ThinkPad T590 20N4001NUS 15.6"" Notebook - 1920 x 1080 - Core i5 i5-8265U - 8 GB RAM - 256 GB SSD - Windows 10 Pro 64-bit - Intel UHD Graphics 620 - In-plane Switching (IPS) Technology - En","$1,407.99",,$2.99 Shipping,2,https://www.newegg.com/p/1TS-000E-0DAZ3?Item=1TS-000E-0DAZ3,//c1.neweggimages.com/NeweggImage/ProductImageCompressAll300/AKAC_1_201906121859029620.jpg
48,Item=1TS-000E-0EVH4,Lenovo,"Lenovo IdeaPad S340-15API 81NC009FUS 15.6"" Notebook - 1366 x 768 - Ryzen 7 3700U - 8 GB RAM - 256 GB SSD - Abyss Blue",$717.99,,$8.92 Shipping,2,https://www.newegg.com/p/1TS-000E-0EVH4?Item=1TS-000E-0EVH4,//c1.neweggimages.com/NeweggImage/ProductImageCompressAll300/V197_1_201909091886524457.jpg
49,Item=N82E16834316854,Acer America,"Acer Chromebook 714 CB714-1WT-5427 14"" Touchscreen Chromebook - 1920 x 1080 - Core i5 i5-8350U - 8 GB RAM - 64 GB Flash Memory - Steel Gray",$858.99,,$2.99 Shipping,2,https://www.newegg.com/p/N82E16834316854?Item=N82E16834316854,//c1.neweggimages.com/NeweggImage/ProductImageCompressAll300/A0ZX_1_201911151374046004.jpg
50,Item=N82E16834233281,GIGABYTE,"GIGABYTE AERO 15S OLED XA-7US5130SP 15.6"" 4K AMOLED 60 Hz Intel Core i7 9th Gen 9750H (2.60 GHz) NVIDIA GeForce RTX 2070 16 GB Memory 512 GB SSD Windows 10 Pro 64-bit Gaming Laptop","$2,199.00",,Free Shipping,2,https://www.newegg.com/p/N82E16834233281?Item=N82E16834233281,//c1.neweggimages.com/NeweggImage/ProductImageCompressAll300/34-233-281-V19.jpg
51,Item=N82E16834725061,AORUS,"Aorus 15-WA-F74ADW 15.6"" 144 Hz IPS Intel Core i7 9th Gen 9750H (2.60 GHz) NVIDIA GeForce RTX 2060 16 GB Memory 512 GB SSD Windows 10 Home 64-bit Gaming Laptop","$1,599.00",,Free Shipping,2,https://www.newegg.com/p/N82E16834725061?Item=N82E16834725061,//c1.neweggimages.com/NeweggImage/ProductImageCompressAll300/34-725-061-V18.jpg
52,Item=N82E16834155323,MSI,"MSI Laptop Modern 15 A10M-014 Intel Core i5 10th Gen 10210U (1.60 GHz) 8 GB Memory 512 GB NVMe SSD Intel UHD Graphics 15.6"" Windows 10 Home 64-bit",$849.99,,$2.99 Shipping,2,https://www.newegg.com/black-msi-modern-15-a10m-014-mainstream/p/N82E16834155323?Item=N82E16834155323,//c1.neweggimages.com/NeweggImage/ProductImageCompressAll300/34-155-323-V14.jpg
53,Item=1TS-000E-0F217,Lenovo,"Lenovo ThinkPad P43s 20RH002SUS 14"" Mobile Workstation - 1920 x 1080 - Core i7 i7-8565U - 16 GB RAM - 512 GB SSD - Glossy Black - Windows 10 Pro 64-bit - NVIDIA Quadro P520 with 2 GB - In-plane S","$1,692.99",,$8.69 Shipping,2,https://www.newegg.com/p/1TS-000E-0F217?Item=1TS-000E-0F217,//c1.neweggimages.com/NeweggImage/ProductImageCompressAll300/ACVB_1_20191218574869231.jpg
54,Item=2WC-000J-008K0,Lenovo,"Lenovo ThinkPad P53s 15.6"" Touchscreen Laptop i7-8565U 512GB SSD Quadro P520","$1,850.99",,$8.92 Shipping,2,https://www.newegg.com/p/2WC-000J-008K0?Item=2WC-000J-008K0,//c1.neweggimages.com/NeweggImage/ProductImageCompressAll300/V1DS_1_201910011362191881.jpg
55,Item=N82E16834735730,Microsoft,"Microsoft Laptop Surface Laptop JKR-00050 Intel Core i7 7th Gen 7660U (2.50 GHz) 16 GB Memory 512 GB SSD Intel Iris Plus Graphics 640 13.5"" Touchscreen Windows 10 Pro 64-Bit","$2,248.00",,Free Shipping,2,https://www.newegg.com/cobalt-blue-microsoft-surface-laptop-jkr-00050-mainstream/p/N82E16834735730?Item=N82E16834735730,//c1.neweggimages.com/NeweggImage/ProductImageCompressAll300/34-735-730-S02.jpg
56,Item=1TS-000X-012W2,Acer America,"Acer TravelMate B1 B118-M TMB118-M-C2X7 11.6"" Notebook - 1366 x 768 - Celeron N4100 - 4 GB RAM - 128 GB SSD",$486.99,,$2.99 Shipping,2,https://www.newegg.com/p/1TS-000X-012W2?Item=1TS-000X-012W2,//c1.neweggimages.com/NeweggImage/ProductImageCompressAll300/A24G_1_201909081159532896.jpg
57,Item=1FR-000R-00012,ASUS,ASUS ZenBook S13 UX392FN-XS77 13.9 inch Intel Core i7-8565U 1.8GHz/ 16GB LPDDR3/ 512GB SSD/ USB3.1/ Windows 10 Pro Ultrabook (Premium Galaxy Aluminum Blue),"$1,599.99",,Free Shipping,2,https://www.newegg.com/p/1FR-000R-00012?Item=1FR-000R-00012,//c1.neweggimages.com/NeweggImage/ProductImageCompressAll300/1FR-000R-00012-S02.jpg
58,Item=N82E16834315771,Acer America,"Acer CB5-312T-K6TF 13.3"" 16:9 Chromebook - 1920 x 1080 Touchscreen - In-plane Switching (IPS) Technology - MediaTek M8173C Quad-core (4 Core) 2.10 GHz - 4 GB LPDDR3 - 32 GB Flash Memory Capacity - ...",$386.99,,$7.99 Shipping,2,https://www.newegg.com/acer-cb5-312t-nx-gl4aa-010-office-products/p/N82E16834315771?Item=N82E16834315771,//c1.neweggimages.com/NeweggImage/ProductImageCompressAll300/V04G_1_201611131162493673.jpg
59,Item=N82E16834155349,MSI,"MSI Laptop Creator 15M A9SD-044 Intel Core i5 9th Gen 9300H (2.40 GHz) 8 GB Memory 256 GB NVMe SSD NVIDIA GeForce GTX 1660 Ti 15.6"" Windows 10 Home 64-bit",$999.00,,Free Shipping,2,https://www.newegg.com/silver-msi-creator-15m-a9sd-044-creating-designing/p/N82E16834155349?Item=N82E16834155349,//c1.neweggimages.com/NeweggImage/ProductImageCompressAll300/A6ZP_1_202002131786055778.jpg
60,Item=N82E16834235034,ASUS,"ASUS Laptop ZenBook S UX391UA-XB71-R Intel Core i7 8th Gen 8550U (1.80 GHz) 8 GB LPDDR3 Memory 256 GB SSD Intel UHD Graphics 620 13.3"" Windows 10 Pro 64-Bit","$1,170.99",,$2.99 Shipping,2,https://www.newegg.com/burgundy-red-asus-zenbook-s-ux391ua-xb71-r-mainstream/p/N82E16834235034?Item=N82E16834235034,//c1.neweggimages.com/NeweggImage/ProductImageCompressAll300/34-235-034-V17.jpg
61,Item=N82E16834316773,Acer America,"Acer R752T-C1MT 11.6"" Touchscreen 2 in 1 Chromebook - 1366 x 768 - Celeron N4000 - 4 GB RAM - 32 GB Flash Memory - Shale Black",$401.99,,$2.99 Shipping,2,https://www.newegg.com/p/N82E16834316773?Item=N82E16834316773,//c1.neweggimages.com/NeweggImage/ProductImageCompressAll300/34-316-773-V21.jpg
62,Item=1TS-000E-0EHS1,Lenovo,"Lenovo ThinkPad T490 20Q90006US 14"" Notebook - 1920 x 1080 - Core i5 i5-8365U - 16 GB RAM - 512 GB SSD - Glossy Black","$2,087.99",,$2.99 Shipping,2,https://www.newegg.com/p/1TS-000E-0EHS1?Item=1TS-000E-0EHS1,//c1.neweggimages.com/NeweggImage/ProductImageCompressAll300/A98Y_1_20190813914620263.jpg
63,Item=N82E16834316530,Acer America,"Acer Spin 5 SP513-52N-8326 13.3"" Touchscreen LCD 2 in 1 Notebook - Intel Core i7 (8th Gen) i7-8550U Quad-core (4 Core) 1.80 GHz - 8 GB DDR4 SDRAM - 256 GB SSD - Windows 10 Pro 64-bit - 1920 x 1080 ...","$1,011.99",,$8.92 Shipping,2,https://www.newegg.com/p/N82E16834316530?Item=N82E16834316530,//c1.neweggimages.com/NeweggImage/ProductImageCompressAll300/A19P_1_201901251025582298.jpg
64,Item=1TS-000D-04TR2,HP,"HP 7KJ85UT EliteBook 830 G6 13.3"" FHD Laptop i7-8665U 8GB 256GB SSD W10P","$1,650.99",,$2.99 Shipping,2,https://www.newegg.com/p/1TS-000D-04TR2?Item=1TS-000D-04TR2,//c1.neweggimages.com/NeweggImage/ProductImageCompressAll300/A0ZX_1_201907021801681580.jpg
65,Item=1TS-000E-0EFB5,Lenovo,"Lenovo ThinkPad P1 Gen 2 20QT001XUS 15.6"" Mobile Workstation - 1920 x 1080 - Core i7 i7-9750H - 16 GB RAM - 256 GB SSD - Midnight Black - Windows 10 Pro 64-bit - NVIDIA Quadro T1000 with 4 GB - I","$1,904.99",,$2.99 Shipping,2,https://www.newegg.com/p/1TS-000E-0EFB5?Item=1TS-000E-0EFB5,//c1.neweggimages.com/NeweggImage/ProductImageCompressAll300/A24G_1_201908081224512365.jpg
66,Item=N82E16834271007,HP,"HP Laptop Stream 11 Pro G5 5VD76UT#ABA Intel Pentium Silver N5000 (1.10 GHz) 4 GB Memory 128 GB eMMC SSD Intel UHD Graphics 605 11.6"" Windows 10 Pro 64-bit",$399.99,,$2.99 Shipping,2,https://www.newegg.com/hp-stream-11-pro-g5-5vd76ut-aba-everyday-value/p/N82E16834271007?Item=N82E16834271007,//c1.neweggimages.com/NeweggImage/ProductImageCompressAll300/A24G_1_20190729856177854.jpg
67,Item=2WC-000J-008J6,Lenovo,"Lenovo ThinkPad L490 14"" FHD Laptop i5-8265U 8GB 256GB SSD W10P 20Q5001QUS","$1,129.99",,Free Shipping,2,https://www.newegg.com/p/2WC-000J-008J6?Item=2WC-000J-008J6,//c1.neweggimages.com/NeweggImage/ProductImageCompressAll300/A24G_1_201907062103591071.jpg
68,Item=2WC-000J-008K4,Lenovo,"Lenovo ThinkPad P53s 20N6001UUS 15.6"" Laptop i7-8565U 512GB SSD W10P Quadro P520","$1,822.99",,$8.69 Shipping,2,https://www.newegg.com/p/2WC-000J-008K4?Item=2WC-000J-008K4,//c1.neweggimages.com/NeweggImage/ProductImageCompressAll300/A24G_1_20190713819867375.jpg
69,Item=N82E16834271159,HP,"HP Laptop 15-db0048nr AMD A9-Series A9-9425 (3.10 GHz) 4 GB Memory 1 TB HDD AMD Radeon R5 Series 15.6"" Windows 10 Home",$499.99,,$8.92 Shipping,2,https://www.newegg.com/hp-finish-in-pale-gold-and-ash-silver-in-a-vertical-brushed-pattern-15-db0048nr-mainstream/p/N82E16834271159?Item=N82E16834271159,//c1.neweggimages.com/NeweggImage/ProductImageCompressAll300/34-271-159-V04.jpg
70,Item=1TS-000A-04P13,DELL,"Dell XPS 13 9380 13.3"" Notebook - 1920 x 1080 - Core i7 i7-8565U - 8 GB RAM - 256 GB SSD - Platinum Silver, Carbon Fiber Black - Intel UHD Graphics 620 - In-plane Switching (IPS) Technology - 21","$1,404.99",,$8.69 Shipping,2,https://www.newegg.com/silver-dell-xps-13-everyday-value/p/1TS-000A-04P13?Item=1TS-000A-04P13,//c1.neweggimages.com/NeweggImage/ProductImageCompressAll300/A24G_1_20190502318944719.jpg
71,Item=N82E16834316812,Acer America,"Acer Chromebook 715 CB715-1W-30G7 15.6"" Chromebook - 1920 x 1080 - Core i3 i3-8130U - 8 GB RAM - 64 GB Flash Memory",$612.99,,$2.99 Shipping,2,https://www.newegg.com/p/N82E16834316812?Item=N82E16834316812,//c1.neweggimages.com/NeweggImage/ProductImageCompressAll300/A6ZP_1_201908201500496626.jpg
72,Item=N82E16834316693,Acer America,"Acer R752TN-C2J5 11.6"" Touchscreen LCD 2 in 1 Chromebook - Intel Celeron N4000 Dual-core (2 Core) 1.10 GHz - 4 GB LPDDR4 - 32 GB Flash Memory - Chrome OS - 1366 x 768 - In-plane Switching (IPS) Tec...",$388.99,,$3.99 Shipping,3,https://www.newegg.com/p/N82E16834316693?Item=N82E16834316693,//c1.neweggimages.com/NeweggImage/ProductImageCompressAll300/34-316-693-S01.jpg
73,Item=1TS-000D-077P8,HP,"HP EliteBook x360 1040 G6 14"" Touchscreen 2 in 1 Notebook - 1920 x 1080 - Core i7 i7-8665U - 16 GB RAM - 512 GB SSD","$2,014.99",,$2.99 Shipping,3,https://www.newegg.com/p/1TS-000D-077P8?Item=1TS-000D-077P8,//c1.neweggimages.com/NeweggImage/ProductImageCompressAll300/A24G_1_2020010251633159.jpg
74,Item=35H-00GZ-00074,Mobile Edge,ALIENWARE AREA-51M WHITE ELITE BACKKPACK 17.3 - LIMITED EDITION,$127.99,,$2.99 Shipping,3,https://www.newegg.com/p/35H-00GZ-00074?Item=35H-00GZ-00074,//c1.neweggimages.com/NeweggImage/ProductImageCompressAll300/A6ZP_1_201912231596828962.jpg
75,Item=N82E16834235240,ASUS,"Asus R420MA-DS06-BL 14"" Notebook - 1366 x 768 - Celeron N4000 - 4 GB RAM - 64 GB Flash Memory - Star Gray",$269.99,,$2.99 Shipping,3,https://www.newegg.com/p/N82E16834235240?Item=N82E16834235240,//c1.neweggimages.com/NeweggImage/ProductImageCompressAll300/A6ZP_1_201908202062507061.jpg
76,Item=N82E16834155380,MSI,"MSI Laptop Modern 15 A10RAS-097 Intel Core i7 10th Gen 10510U (1.80 GHz) 8 GB Memory 512 GB NVMe SSD NVIDIA GeForce MX330 15.6"" Windows 10 Home 64-bit",$899.00,,$2.99 Shipping,3,https://www.newegg.com/black-msi-modern-15-a10ras-097-mainstream/p/N82E16834155380?Item=N82E16834155380,//c1.neweggimages.com/NeweggImage/ProductImageCompressAll300/34-155-380-S01.jpg
77,Item=1TS-000A-088J2,DELL,"Dell Latitude 14 Rugged 5414 14.0 in New Laptop - Intel Core i5 6300U 6th Gen 2.4 GHz 8GB 128GB SSD Windows 10 Pro 64-Bit - Bluetooth, Webcam","$1,999.99",,$2.99 Shipping,3,https://www.newegg.com/dell-latitude-14-rugged/p/1TS-000A-088J2?Item=1TS-000A-088J2,//c1.neweggimages.com/NeweggImage/ProductImageCompressAll300/AANW_1_202001081731653835.jpg
78,Item=N82E16834316861,Acer America,"Acer ConceptD 7 CN715-71-77QK 15.6"" Notebook - 3840 x 2160 - Core i7 i7-9750H - 32 GB RAM - 1 TB SSD - White","$3,660.99",,$8.35 Shipping,3,https://www.newegg.com/p/N82E16834316861?Item=N82E16834316861,//c1.neweggimages.com/NeweggImage/ProductImageCompressAll300/A6ZP_1_20200115615624166.jpg
79,Item=2WC-000J-006Z8R,Lenovo,"Open Box: Lenovo ThinkPad A485 20MU000TUS 14"" Laptop Ryzen 5 2500U 8GB 256GB SSD W10P",$578.99,,$2.99 Shipping,3,https://www.newegg.com/p/2WC-000J-006Z8R?Item=2WC-000J-006Z8R,//c1.neweggimages.com/NeweggImage/ProductImageCompressAll300/A6ZP_1_20180801290620349.jpg
80,Item=N82E16834316760,Acer America,"Acer Laptop Aspire 5 A515-54G-54QQ Intel Core i5 8th Gen 8265U (1.60 GHz) 8 GB Memory 512 GB SSD NVIDIA GeForce MX250 15.6"" Windows 10 Home 64-bit (Only @ Newegg)",$599.99,"Save $10 w/ Win10 Pro upgrade combo purchase, limited offer",Free Shipping,3,https://www.newegg.com/charcoal-black-acer-aspire-5-a515-54g-54qq-mainstream/p/N82E16834316760?Item=N82E16834316760,//c1.neweggimages.com/NeweggImage/ProductImageCompressAll300/34-316-760-V10.jpg
81,Item=N82E16834235286,ASUS,"ASUS ZenBook 15 Ultra-Slim Laptop 15.6"" 4K UHD NanoEdge Bezel, Intel Core i7-10510U, 16 GB RAM, 1 TB PCIe SSD, GeForce GTX 1650, Innovative ScreenPad 2.0, Windows 10 Pro, UX534FTC-NH76, Royal Blue","$1,440.99",,Free Shipping,3,https://www.newegg.com/royal-blue-asus-zenbook-ux534ftc-nh76-gaming-entertainment/p/N82E16834235286?Item=N82E16834235286,//c1.neweggimages.com/NeweggImage/ProductImageCompressAll300/34-235-286-V19.jpg
82,Item=N82E16834233314,GIGABYTE,"GIGABYTE AERO 15 WB-7US1130SH, 15.6"" Gaming Laptop, Intel Core i7-10750H, RTX 2070 Max-Q, 16 GB Memory, 512 GB SSD","$1,899.00",Release Date: 04/15/2020,Free Shipping,3,https://www.newegg.com/p/N82E16834233314?Item=N82E16834233314,//c1.neweggimages.com/NeweggImage/ProductImageCompressAll300/34-233-314-V21.jpg
83,Item=N82E16834233316,GIGABYTE,"GIGABYTE AERO 15 SB-7US1130SH, 15.6"" Gaming Laptop, Intel Core i7-10750H, GTX 1660 Ti, 16 GB Memory, 512 GB SSD","$1,599.00",Release Date: 04/15/2020,Free Shipping,3,https://www.newegg.com/p/N82E16834233316?Item=N82E16834233316,//c1.neweggimages.com/NeweggImage/ProductImageCompressAll300/34-233-316-V21.jpg
84,Item=N82E16834725075,AORUS,"Aorus 15G XB-8US2130MP, 15.6"" Gaming Laptop, Intel Core i7-10875H, RTX 2070 Super Max-Q, 16 GB Memory, 512 GB SSD","$2,299.00",Release Date: 04/15/2020,Free Shipping,3,https://www.newegg.com/p/N82E16834725075?Item=N82E16834725075,//c1.neweggimages.com/NeweggImage/ProductImageCompressAll300/34-725-075-V21.jpg
85,Item=N82E16834155383,MSI,"MSI Laptop Modern 14 A10RAS-884 Intel Core i5 10th Gen 10210U (1.60 GHz) 8 GB Memory 512 GB NVMe SSD NVIDIA GeForce MX330 14.0"" Windows 10 Home 64-bit",$799.00,,$2.99 Shipping,3,https://www.newegg.com/grey-with-blue-diamond-cut-msi-modern-14-a10ras-884-mainstream/p/N82E16834155383?Item=N82E16834155383,//c1.neweggimages.com/NeweggImage/ProductImageCompressAll300/34-155-383-S19.jpg
86,Item=N82E16834233308,GIGABYTE,"GIGABYTE AERO 15 OLED XB-9US5450SP, 15.6"" 4K/UHD Gaming Laptop, Intel Core i9-10980HK, RTX 2070 Super Max-Q, 32 GB Memory, 1 TB SSD","$3,199.00",Release Date: 04/15/2020,Free Shipping,3,https://www.newegg.com/p/N82E16834233308?Item=N82E16834233308,//c1.neweggimages.com/NeweggImage/ProductImageCompressAll300/34-233-308-V21.jpg
87,Item=N82E16834233326,GIGABYTE,"GIGABYTE AERO 17 WB-7US1130SH, 17.3"" Gaming Laptop, Intel Core i7-10750H, RTX 2070 Max-Q, 16 GB Memory, 512 GB SSD","$1,999.00",Release Date: 04/15/2020,Free Shipping,3,https://www.newegg.com/p/N82E16834233326?Item=N82E16834233326,//c1.neweggimages.com/NeweggImage/ProductImageCompressAll300/34-233-326-V21.jpg
88,Item=N82E16834233306,GIGABYTE,"GIGABYTE AERO 15 OLED YB-9US5430SP, 15.6"" 4K Gaming Laptop, Intel Core i9-10980HK, RTX 2080 Super Max-Q, 32 GB Memory, 512 GB SSD","$3,499.00",Release Date: 04/15/2020,Free Shipping,3,https://www.newegg.com/p/N82E16834233306?Item=N82E16834233306,//c1.neweggimages.com/NeweggImage/ProductImageCompressAll300/34-233-306-V21.jpg
89,Item=N82E16834233309,GIGABYTE,"GIGABYTE AERO 15 OLED XB-8US51B0SP, 15.6"" 4K/UHD Gaming Laptop, Intel Core i7-10875H, RTX 2070 Super Max-Q, 16 GB Memory, 512 GB SSD","$2,699.00",Release Date: 04/15/2020,Free Shipping,3,https://www.newegg.com/p/N82E16834233309?Item=N82E16834233309,//c1.neweggimages.com/NeweggImage/ProductImageCompressAll300/34-233-309-V21.jpg
90,Item=N82E16834155374,MSI,"MSI Laptop Creator 17 A10SGS-252 Intel Core i7 10th Gen 10875H (2.30 GHz) 32 GB Memory 2 TB NVMe SSD NVIDIA GeForce RTX 2080 Super Max-Q 17.3"" 4K/UHD Mini LED Display Windows 10 Pro 64-bit","$3,599.00",Release Date: 04/15/2020,$2.99 Shipping,3,https://www.newegg.com/space-gray-with-silver-diamond-cut-msi-creator-17-a10sgs-252-gaming-entertainment/p/N82E16834155374?Item=N82E16834155374,//c1.neweggimages.com/NeweggImage/ProductImageCompressAll300/34-155-374-V21.jpg
91,Item=N82E16834155378,MSI,"MSI Laptop Creator 17M A10SE-216 Intel Core i7 10th Gen 10750H (2.60 GHz) 16 GB Memory 1 TB NVMe SSD NVIDIA GeForce RTX 2060 17.3"" Windows 10 Pro 64-bit","$1,499.00",Release Date: 04/15/2020,$2.99 Shipping,3,https://www.newegg.com/silver-msi-creator-17m-a10se-216-gaming-entertainment/p/N82E16834155378?Item=N82E16834155378,//c1.neweggimages.com/NeweggImage/ProductImageCompressAll300/34-155-378-V12.jpg
92,Item=N82E16834233317,GIGABYTE,"GIGABYTE AERO 17 HDR YB-9US4750SP, 17.3"" Gaming Laptop, Intel Core i9-10980HK, RTX 2080 Super Max-Q, 64 GB Memory, 1 TB SSD","$4,399.00",Release Date: 04/15/2020,Free Shipping,3,https://www.newegg.com/p/N82E16834233317?Item=N82E16834233317,//c1.neweggimages.com/NeweggImage/ProductImageCompressAll300/34-233-317-V21.jpg
93,Item=N82E16834233325,GIGABYTE,"GIGABYTE AERO 17 XB-7US1130SH, 17.3"" Gaming Laptop, Intel Core i7-10750H, RTX 2070 Super Max-Q, 16 GB Memory, 512 GB SSD","$2,199.00",Release Date: 04/15/2020,Free Shipping,3,https://www.newegg.com/p/N82E16834233325?Item=N82E16834233325,//c1.neweggimages.com/NeweggImage/ProductImageCompressAll300/34-233-325-V21.jpg
94,Item=N82E16834155375,MSI,"MSI Laptop Creator 17 A10SFS-254 Intel Core i7 10th Gen 10875H (2.30 GHz) 32 GB Memory 1 TB NVMe SSD NVIDIA GeForce RTX 2070 Super Max-Q 17.3"" 4K/UHD Mini LED Display Windows 10 Pro 64-bit","$2,999.00",Release Date: 04/15/2020,$2.99 Shipping,3,https://www.newegg.com/space-gray-with-silver-diamond-cut-msi-creator-17-a10sgs-254-gaming-entertainment/p/N82E16834155375?Item=N82E16834155375,//c1.neweggimages.com/NeweggImage/ProductImageCompressAll300/34-155-375-V21.jpg
95,Item=N82E16834155377,MSI,"MSI Laptop Creator 17 A10SE-256 Intel Core i7 10th Gen 10875H (2.30 GHz) 16 GB Memory 512 GB NVMe SSD NVIDIA GeForce RTX 2060 17.3"" Windows 10 Pro 64-bit","$1,799.00",Release Date: 04/15/2020,$2.99 Shipping,3,https://www.newegg.com/space-gray-with-silver-diamond-cut-msi-creator-17-a10se-256-gaming-entertainment/p/N82E16834155377?Item=N82E16834155377,//c1.neweggimages.com/NeweggImage/ProductImageCompressAll300/34-155-377-V21.jpg
96,Item=N82E16834155376,MSI,"MSI Laptop Creator 17 A10SF-257 Intel Core i7 10th Gen 10875H (2.30 GHz) 16 GB Memory 512 GB NVMe SSD NVIDIA GeForce RTX 2070 Max-Q 17.3"" Windows 10 Pro 64-bit","$1,999.00",Release Date: 04/15/2020,$2.99 Shipping,3,https://www.newegg.com/space-gray-with-silver-diamond-cut-msi-creator-17-a10sf-257-gaming-entertainment/p/N82E16834155376?Item=N82E16834155376,//c1.neweggimages.com/NeweggImage/ProductImageCompressAll300/34-155-376-V21.jpg
97,Item=N82E16834233305,GIGABYTE,"GIGABYTE AERO 15 OLED YB-9US5750SP, 15.6"" 4K/UHD Gaming Laptop, Intel Core i9-10980HK, RTX 2080 Super Max-Q, 64 GB Memory, 1 TB SSD","$4,199.00",Release Date: 04/15/2020,Free Shipping,3,https://www.newegg.com/p/N82E16834233305?Item=N82E16834233305,//c1.neweggimages.com/NeweggImage/ProductImageCompressAll300/34-233-305-V01.jpg
98,Item=N82E16834233324,GIGABYTE,"GIGABYTE AERO 17 YB-7US1430SH, 17.3"" Gaming Laptop, Intel Core i7-10750H, RTX 2080 Super Max-Q, 32 GB Memory, 512 GB SSD","$2,599.00",Release Date: 04/15/2020,Free Shipping,3,https://www.newegg.com/p/N82E16834233324?Item=N82E16834233324,//c1.neweggimages.com/NeweggImage/ProductImageCompressAll300/34-233-324-V21.jpg
99,Item=N82E16834233318,GIGABYTE,"GIGABYTE AERO 17 HDR YB-9US4430SP, 17.3"" 4K/UHD Gaming Laptop, Intel Core i9-10980HK, RTX 2080 Super Max-Q, 32 GB Memory, 512 GB SSD","$3,699.00",Release Date: 04/15/2020,Free Shipping,3,https://www.newegg.com/p/N82E16834233318?Item=N82E16834233318,//c1.neweggimages.com/NeweggImage/ProductImageCompressAll300/34-233-318-V21.jpg
100,Item=N82E16834233313,GIGABYTE,"GIGABYTE AERO 15 XB-7US1130SH, 15.6"" Gaming Laptop, Intel Core i7-10750H, RTX 2070 Super Max-Q, 16 GB Memory, 512 GB SSD","$2,099.00",Release Date: 04/15/2020,Free Shipping,3,https://www.newegg.com/p/N82E16834233313?Item=N82E16834233313,//c1.neweggimages.com/NeweggImage/ProductImageCompressAll300/34-233-313-V21.jpg
101,Item=N82E16834233312,GIGABYTE,"GIGABYTE AERO 15 YB-7US1430SH, 15.6"" Gaming Laptop, Intel Core i7-10750H, RTX 2080 Super Max-Q, 32 GB Memory, 512 GB SSD","$2,499.00",Release Date: 04/15/2020,Free Shipping,3,https://www.newegg.com/p/N82E16834233312?Item=N82E16834233312,//c1.neweggimages.com/NeweggImage/ProductImageCompressAll300/34-233-312-V21.jpg
102,Item=1TS-000D-03YZ9,HP,"HP 255 G7 15.6"" Notebook - A4-9125 - 4 GB RAM - 128 GB SSD - Windows 10 Home 64-bit - AMD Radeon R3 Graphics - English Keyboard",$359.00,,Free Shipping,3,https://www.newegg.com/p/1TS-000D-03YZ9?Item=1TS-000D-03YZ9,//c1.neweggimages.com/NeweggImage/ProductImageCompressAll300/A24G_1_201904261765146128.jpg
103,Item=N82E16834800001,Intel,Intel Software Starter Pack INTELSP NB,$179.99,,,3,https://www.newegg.com/intelsp-nb/p/N82E16834800001?Item=N82E16834800001,//c1.neweggimages.com/NeweggImage/ProductImageCompressAll300/34-800-001-01.jpg
104,Item=1TS-000D-03765,HP,"HP ProBook 450 G6 15.6"" LCD Notebook - Intel Core i3 (8th Gen) i3-8145U Dual-core (2 Core) 2.10 GHz - 4GB DDR4 SDRAM - 500GB HDD - Windows 10 Home 64-bit (English) - 1366 x 768 - Natural Silver",$584.99,,$2.99 Shipping,3,https://www.newegg.com/p/1TS-000D-03765?Item=1TS-000D-03765,//c1.neweggimages.com/NeweggImage/ProductImageCompressAll300/A24G_1_201901072120466816.jpg
105,Item=N82E16834316810,Acer America,"Acer Chromebook 714 CB714-1WT-32KD 14"" Touchscreen Chromebook - 1920 x 1080 - Core i3 i3-8130U - 8 GB RAM - 64 GB Flash Memory",$662.99,,$2.99 Shipping,3,https://www.newegg.com/p/N82E16834316810?Item=N82E16834316810,//c1.neweggimages.com/NeweggImage/ProductImageCompressAll300/A1K6_1321862144139557099MfDnKkfzt.jpg
106,Item=N82E16834316770,Acer America,"Acer TravelMate P2 P214-51 TMP214-51-55FM 14"" Notebook - 1920 x 1080 - Core i5 i5-8250U - 8 GB RAM - 256 GB SSD",$860.99,,$2.99 Shipping,3,https://www.newegg.com/p/N82E16834316770?Item=N82E16834316770,//c1.neweggimages.com/NeweggImage/ProductImageCompressAll300/A24G_1_201907121656294687.jpg
107,Item=N82E16834316771,Acer America,"Acer TravelMate P2 P215-51 TMP215-51-51RB 15.6"" Notebook - 1920 x 1080 - Core i5 i5-8250U - 8 GB RAM - 256 GB SSD",$842.99,,$2.99 Shipping,3,https://www.newegg.com/p/N82E16834316771?Item=N82E16834316771,//c1.neweggimages.com/NeweggImage/ProductImageCompressAll300/34-316-771-S01.jpg
108,Item=N82E16834316693,Acer America,"Acer R752TN-C2J5 11.6"" Touchscreen LCD 2 in 1 Chromebook - Intel Celeron N4000 Dual-core (2 Core) 1.10 GHz - 4 GB LPDDR4 - 32 GB Flash Memory - Chrome OS - 1366 x 768 - In-plane Switching (IPS) Tec...",$388.99,,$3.99 Shipping,4,https://www.newegg.com/p/N82E16834316693?Item=N82E16834316693,//c1.neweggimages.com/NeweggImage/ProductImageCompressAll300/34-316-693-S01.jpg
109,Item=1TS-000D-077P8,HP,"HP EliteBook x360 1040 G6 14"" Touchscreen 2 in 1 Notebook - 1920 x 1080 - Core i7 i7-8665U - 16 GB RAM - 512 GB SSD","$2,014.99",,$2.99 Shipping,4,https://www.newegg.com/p/1TS-000D-077P8?Item=1TS-000D-077P8,//c1.neweggimages.com/NeweggImage/ProductImageCompressAll300/A24G_1_2020010251633159.jpg
110,Item=35H-00GZ-00074,Mobile Edge,ALIENWARE AREA-51M WHITE ELITE BACKKPACK 17.3 - LIMITED EDITION,$127.99,,$2.99 Shipping,4,https://www.newegg.com/p/35H-00GZ-00074?Item=35H-00GZ-00074,//c1.neweggimages.com/NeweggImage/ProductImageCompressAll300/A6ZP_1_201912231596828962.jpg
111,Item=N82E16834235240,ASUS,"Asus R420MA-DS06-BL 14"" Notebook - 1366 x 768 - Celeron N4000 - 4 GB RAM - 64 GB Flash Memory - Star Gray",$269.99,,$2.99 Shipping,4,https://www.newegg.com/p/N82E16834235240?Item=N82E16834235240,//c1.neweggimages.com/NeweggImage/ProductImageCompressAll300/A6ZP_1_201908202062507061.jpg
112,Item=N82E16834155380,MSI,"MSI Laptop Modern 15 A10RAS-097 Intel Core i7 10th Gen 10510U (1.80 GHz) 8 GB Memory 512 GB NVMe SSD NVIDIA GeForce MX330 15.6"" Windows 10 Home 64-bit",$899.00,,$2.99 Shipping,4,https://www.newegg.com/black-msi-modern-15-a10ras-097-mainstream/p/N82E16834155380?Item=N82E16834155380,//c1.neweggimages.com/NeweggImage/ProductImageCompressAll300/34-155-380-S01.jpg
113,Item=1TS-000A-088J2,DELL,"Dell Latitude 14 Rugged 5414 14.0 in New Laptop - Intel Core i5 6300U 6th Gen 2.4 GHz 8GB 128GB SSD Windows 10 Pro 64-Bit - Bluetooth, Webcam","$1,999.99",,$2.99 Shipping,4,https://www.newegg.com/dell-latitude-14-rugged/p/1TS-000A-088J2?Item=1TS-000A-088J2,//c1.neweggimages.com/NeweggImage/ProductImageCompressAll300/AANW_1_202001081731653835.jpg
114,Item=N82E16834316861,Acer America,"Acer ConceptD 7 CN715-71-77QK 15.6"" Notebook - 3840 x 2160 - Core i7 i7-9750H - 32 GB RAM - 1 TB SSD - White","$3,660.99",,$8.35 Shipping,4,https://www.newegg.com/p/N82E16834316861?Item=N82E16834316861,//c1.neweggimages.com/NeweggImage/ProductImageCompressAll300/A6ZP_1_20200115615624166.jpg
115,Item=2WC-000J-006Z8R,Lenovo,"Open Box: Lenovo ThinkPad A485 20MU000TUS 14"" Laptop Ryzen 5 2500U 8GB 256GB SSD W10P",$578.99,,$2.99 Shipping,4,https://www.newegg.com/p/2WC-000J-006Z8R?Item=2WC-000J-006Z8R,//c1.neweggimages.com/NeweggImage/ProductImageCompressAll300/A6ZP_1_20180801290620349.jpg
116,Item=N82E16834316760,Acer America,"Acer Laptop Aspire 5 A515-54G-54QQ Intel Core i5 8th Gen 8265U (1.60 GHz) 8 GB Memory 512 GB SSD NVIDIA GeForce MX250 15.6"" Windows 10 Home 64-bit (Only @ Newegg)",$599.99,"Save $10 w/ Win10 Pro upgrade combo purchase, limited offer",Free Shipping,4,https://www.newegg.com/charcoal-black-acer-aspire-5-a515-54g-54qq-mainstream/p/N82E16834316760?Item=N82E16834316760,//c1.neweggimages.com/NeweggImage/ProductImageCompressAll300/34-316-760-V10.jpg
117,Item=N82E16834235286,ASUS,"ASUS ZenBook 15 Ultra-Slim Laptop 15.6"" 4K UHD NanoEdge Bezel, Intel Core i7-10510U, 16 GB RAM, 1 TB PCIe SSD, GeForce GTX 1650, Innovative ScreenPad 2.0, Windows 10 Pro, UX534FTC-NH76, Royal Blue","$1,440.99",,Free Shipping,4,https://www.newegg.com/royal-blue-asus-zenbook-ux534ftc-nh76-gaming-entertainment/p/N82E16834235286?Item=N82E16834235286,//c1.neweggimages.com/NeweggImage/ProductImageCompressAll300/34-235-286-V19.jpg
118,Item=N82E16834233314,GIGABYTE,"GIGABYTE AERO 15 WB-7US1130SH, 15.6"" Gaming Laptop, Intel Core i7-10750H, RTX 2070 Max-Q, 16 GB Memory, 512 GB SSD","$1,899.00",Release Date: 04/15/2020,Free Shipping,4,https://www.newegg.com/p/N82E16834233314?Item=N82E16834233314,//c1.neweggimages.com/NeweggImage/ProductImageCompressAll300/34-233-314-V21.jpg
119,Item=N82E16834233316,GIGABYTE,"GIGABYTE AERO 15 SB-7US1130SH, 15.6"" Gaming Laptop, Intel Core i7-10750H, GTX 1660 Ti, 16 GB Memory, 512 GB SSD","$1,599.00",Release Date: 04/15/2020,Free Shipping,4,https://www.newegg.com/p/N82E16834233316?Item=N82E16834233316,//c1.neweggimages.com/NeweggImage/ProductImageCompressAll300/34-233-316-V21.jpg
120,Item=N82E16834725075,AORUS,"Aorus 15G XB-8US2130MP, 15.6"" Gaming Laptop, Intel Core i7-10875H, RTX 2070 Super Max-Q, 16 GB Memory, 512 GB SSD","$2,299.00",Release Date: 04/15/2020,Free Shipping,4,https://www.newegg.com/p/N82E16834725075?Item=N82E16834725075,//c1.neweggimages.com/NeweggImage/ProductImageCompressAll300/34-725-075-V21.jpg
121,Item=N82E16834155383,MSI,"MSI Laptop Modern 14 A10RAS-884 Intel Core i5 10th Gen 10210U (1.60 GHz) 8 GB Memory 512 GB NVMe SSD NVIDIA GeForce MX330 14.0"" Windows 10 Home 64-bit",$799.00,,$2.99 Shipping,4,https://www.newegg.com/grey-with-blue-diamond-cut-msi-modern-14-a10ras-884-mainstream/p/N82E16834155383?Item=N82E16834155383,//c1.neweggimages.com/NeweggImage/ProductImageCompressAll300/34-155-383-S19.jpg
122,Item=N82E16834233308,GIGABYTE,"GIGABYTE AERO 15 OLED XB-9US5450SP, 15.6"" 4K/UHD Gaming Laptop, Intel Core i9-10980HK, RTX 2070 Super Max-Q, 32 GB Memory, 1 TB SSD","$3,199.00",Release Date: 04/15/2020,Free Shipping,4,https://www.newegg.com/p/N82E16834233308?Item=N82E16834233308,//c1.neweggimages.com/NeweggImage/ProductImageCompressAll300/34-233-308-V21.jpg
123,Item=N82E16834233326,GIGABYTE,"GIGABYTE AERO 17 WB-7US1130SH, 17.3"" Gaming Laptop, Intel Core i7-10750H, RTX 2070 Max-Q, 16 GB Memory, 512 GB SSD","$1,999.00",Release Date: 04/15/2020,Free Shipping,4,https://www.newegg.com/p/N82E16834233326?Item=N82E16834233326,//c1.neweggimages.com/NeweggImage/ProductImageCompressAll300/34-233-326-V21.jpg
124,Item=N82E16834233306,GIGABYTE,"GIGABYTE AERO 15 OLED YB-9US5430SP, 15.6"" 4K Gaming Laptop, Intel Core i9-10980HK, RTX 2080 Super Max-Q, 32 GB Memory, 512 GB SSD","$3,499.00",Release Date: 04/15/2020,Free Shipping,4,https://www.newegg.com/p/N82E16834233306?Item=N82E16834233306,//c1.neweggimages.com/NeweggImage/ProductImageCompressAll300/34-233-306-V21.jpg
125,Item=N82E16834233309,GIGABYTE,"GIGABYTE AERO 15 OLED XB-8US51B0SP, 15.6"" 4K/UHD Gaming Laptop, Intel Core i7-10875H, RTX 2070 Super Max-Q, 16 GB Memory, 512 GB SSD","$2,699.00",Release Date: 04/15/2020,Free Shipping,4,https://www.newegg.com/p/N82E16834233309?Item=N82E16834233309,//c1.neweggimages.com/NeweggImage/ProductImageCompressAll300/34-233-309-V21.jpg
126,Item=N82E16834155374,MSI,"MSI Laptop Creator 17 A10SGS-252 Intel Core i7 10th Gen 10875H (2.30 GHz) 32 GB Memory 2 TB NVMe SSD NVIDIA GeForce RTX 2080 Super Max-Q 17.3"" 4K/UHD Mini LED Display Windows 10 Pro 64-bit","$3,599.00",Release Date: 04/15/2020,$2.99 Shipping,4,https://www.newegg.com/space-gray-with-silver-diamond-cut-msi-creator-17-a10sgs-252-gaming-entertainment/p/N82E16834155374?Item=N82E16834155374,//c1.neweggimages.com/NeweggImage/ProductImageCompressAll300/34-155-374-V21.jpg
127,Item=N82E16834155378,MSI,"MSI Laptop Creator 17M A10SE-216 Intel Core i7 10th Gen 10750H (2.60 GHz) 16 GB Memory 1 TB NVMe SSD NVIDIA GeForce RTX 2060 17.3"" Windows 10 Pro 64-bit","$1,499.00",Release Date: 04/15/2020,$2.99 Shipping,4,https://www.newegg.com/silver-msi-creator-17m-a10se-216-gaming-entertainment/p/N82E16834155378?Item=N82E16834155378,//c1.neweggimages.com/NeweggImage/ProductImageCompressAll300/34-155-378-V12.jpg
128,Item=N82E16834233317,GIGABYTE,"GIGABYTE AERO 17 HDR YB-9US4750SP, 17.3"" Gaming Laptop, Intel Core i9-10980HK, RTX 2080 Super Max-Q, 64 GB Memory, 1 TB SSD","$4,399.00",Release Date: 04/15/2020,Free Shipping,4,https://www.newegg.com/p/N82E16834233317?Item=N82E16834233317,//c1.neweggimages.com/NeweggImage/ProductImageCompressAll300/34-233-317-V21.jpg
129,Item=N82E16834233325,GIGABYTE,"GIGABYTE AERO 17 XB-7US1130SH, 17.3"" Gaming Laptop, Intel Core i7-10750H, RTX 2070 Super Max-Q, 16 GB Memory, 512 GB SSD","$2,199.00",Release Date: 04/15/2020,Free Shipping,4,https://www.newegg.com/p/N82E16834233325?Item=N82E16834233325,//c1.neweggimages.com/NeweggImage/ProductImageCompressAll300/34-233-325-V21.jpg
130,Item=N82E16834155375,MSI,"MSI Laptop Creator 17 A10SFS-254 Intel Core i7 10th Gen 10875H (2.30 GHz) 32 GB Memory 1 TB NVMe SSD NVIDIA GeForce RTX 2070 Super Max-Q 17.3"" 4K/UHD Mini LED Display Windows 10 Pro 64-bit","$2,999.00",Release Date: 04/15/2020,$2.99 Shipping,4,https://www.newegg.com/space-gray-with-silver-diamond-cut-msi-creator-17-a10sgs-254-gaming-entertainment/p/N82E16834155375?Item=N82E16834155375,//c1.neweggimages.com/NeweggImage/ProductImageCompressAll300/34-155-375-V21.jpg
131,Item=N82E16834155377,MSI,"MSI Laptop Creator 17 A10SE-256 Intel Core i7 10th Gen 10875H (2.30 GHz) 16 GB Memory 512 GB NVMe SSD NVIDIA GeForce RTX 2060 17.3"" Windows 10 Pro 64-bit","$1,799.00",Release Date: 04/15/2020,$2.99 Shipping,4,https://www.newegg.com/space-gray-with-silver-diamond-cut-msi-creator-17-a10se-256-gaming-entertainment/p/N82E16834155377?Item=N82E16834155377,//c1.neweggimages.com/NeweggImage/ProductImageCompressAll300/34-155-377-V21.jpg
132,Item=N82E16834155376,MSI,"MSI Laptop Creator 17 A10SF-257 Intel Core i7 10th Gen 10875H (2.30 GHz) 16 GB Memory 512 GB NVMe SSD NVIDIA GeForce RTX 2070 Max-Q 17.3"" Windows 10 Pro 64-bit","$1,999.00",Release Date: 04/15/2020,$2.99 Shipping,4,https://www.newegg.com/space-gray-with-silver-diamond-cut-msi-creator-17-a10sf-257-gaming-entertainment/p/N82E16834155376?Item=N82E16834155376,//c1.neweggimages.com/NeweggImage/ProductImageCompressAll300/34-155-376-V21.jpg
133,Item=N82E16834233305,GIGABYTE,"GIGABYTE AERO 15 OLED YB-9US5750SP, 15.6"" 4K/UHD Gaming Laptop, Intel Core i9-10980HK, RTX 2080 Super Max-Q, 64 GB Memory, 1 TB SSD","$4,199.00",Release Date: 04/15/2020,Free Shipping,4,https://www.newegg.com/p/N82E16834233305?Item=N82E16834233305,//c1.neweggimages.com/NeweggImage/ProductImageCompressAll300/34-233-305-V01.jpg
134,Item=N82E16834233324,GIGABYTE,"GIGABYTE AERO 17 YB-7US1430SH, 17.3"" Gaming Laptop, Intel Core i7-10750H, RTX 2080 Super Max-Q, 32 GB Memory, 512 GB SSD","$2,599.00",Release Date: 04/15/2020,Free Shipping,4,https://www.newegg.com/p/N82E16834233324?Item=N82E16834233324,//c1.neweggimages.com/NeweggImage/ProductImageCompressAll300/34-233-324-V21.jpg
135,Item=N82E16834233318,GIGABYTE,"GIGABYTE AERO 17 HDR YB-9US4430SP, 17.3"" 4K/UHD Gaming Laptop, Intel Core i9-10980HK, RTX 2080 Super Max-Q, 32 GB Memory, 512 GB SSD","$3,699.00",Release Date: 04/15/2020,Free Shipping,4,https://www.newegg.com/p/N82E16834233318?Item=N82E16834233318,//c1.neweggimages.com/NeweggImage/ProductImageCompressAll300/34-233-318-V21.jpg
136,Item=N82E16834233313,GIGABYTE,"GIGABYTE AERO 15 XB-7US1130SH, 15.6"" Gaming Laptop, Intel Core i7-10750H, RTX 2070 Super Max-Q, 16 GB Memory, 512 GB SSD","$2,099.00",Release Date: 04/15/2020,Free Shipping,4,https://www.newegg.com/p/N82E16834233313?Item=N82E16834233313,//c1.neweggimages.com/NeweggImage/ProductImageCompressAll300/34-233-313-V21.jpg
137,Item=N82E16834233312,GIGABYTE,"GIGABYTE AERO 15 YB-7US1430SH, 15.6"" Gaming Laptop, Intel Core i7-10750H, RTX 2080 Super Max-Q, 32 GB Memory, 512 GB SSD","$2,499.00",Release Date: 04/15/2020,Free Shipping,4,https://www.newegg.com/p/N82E16834233312?Item=N82E16834233312,//c1.neweggimages.com/NeweggImage/ProductImageCompressAll300/34-233-312-V21.jpg
138,Item=1TS-000D-03YZ9,HP,"HP 255 G7 15.6"" Notebook - A4-9125 - 4 GB RAM - 128 GB SSD - Windows 10 Home 64-bit - AMD Radeon R3 Graphics - English Keyboard",$359.00,,Free Shipping,4,https://www.newegg.com/p/1TS-000D-03YZ9?Item=1TS-000D-03YZ9,//c1.neweggimages.com/NeweggImage/ProductImageCompressAll300/A24G_1_201904261765146128.jpg
139,Item=N82E16834800001,Intel,Intel Software Starter Pack INTELSP NB,$179.99,,,4,https://www.newegg.com/intelsp-nb/p/N82E16834800001?Item=N82E16834800001,//c1.neweggimages.com/NeweggImage/ProductImageCompressAll300/34-800-001-01.jpg
140,Item=1TS-000D-03765,HP,"HP ProBook 450 G6 15.6"" LCD Notebook - Intel Core i3 (8th Gen) i3-8145U Dual-core (2 Core) 2.10 GHz - 4GB DDR4 SDRAM - 500GB HDD - Windows 10 Home 64-bit (English) - 1366 x 768 - Natural Silver",$584.99,,$2.99 Shipping,4,https://www.newegg.com/p/1TS-000D-03765?Item=1TS-000D-03765,//c1.neweggimages.com/NeweggImage/ProductImageCompressAll300/A24G_1_201901072120466816.jpg
141,Item=N82E16834316810,Acer America,"Acer Chromebook 714 CB714-1WT-32KD 14"" Touchscreen Chromebook - 1920 x 1080 - Core i3 i3-8130U - 8 GB RAM - 64 GB Flash Memory",$662.99,,$2.99 Shipping,4,https://www.newegg.com/p/N82E16834316810?Item=N82E16834316810,//c1.neweggimages.com/NeweggImage/ProductImageCompressAll300/A1K6_1321862144139557099MfDnKkfzt.jpg
142,Item=N82E16834316770,Acer America,"Acer TravelMate P2 P214-51 TMP214-51-55FM 14"" Notebook - 1920 x 1080 - Core i5 i5-8250U - 8 GB RAM - 256 GB SSD",$860.99,,$2.99 Shipping,4,https://www.newegg.com/p/N82E16834316770?Item=N82E16834316770,//c1.neweggimages.com/NeweggImage/ProductImageCompressAll300/A24G_1_201907121656294687.jpg
143,Item=N82E16834316771,Acer America,"Acer TravelMate P2 P215-51 TMP215-51-51RB 15.6"" Notebook - 1920 x 1080 - Core i5 i5-8250U - 8 GB RAM - 256 GB SSD",$842.99,,$2.99 Shipping,4,https://www.newegg.com/p/N82E16834316771?Item=N82E16834316771,//c1.neweggimages.com/NeweggImage/ProductImageCompressAll300/34-316-771-S01.jpg
144,Item=1XV-0001-00PC0,Lenovo,"Lenovo ThinkPad X390 Yoga 20NN0010US 13.3"" Touchscreen 2 in 1 Notebook - 1920 x 1080 - Core i7 i7-8565U - 16 GB RAM - 512 GB SSD - Silver","$1,812.99",,$2.99 Shipping,5,https://www.newegg.com/p/1XV-0001-00PC0?Item=1XV-0001-00PC0,//c1.neweggimages.com/NeweggImage/ProductImageCompressAll300/A24G_1_201907201723969335.jpg
145,Item=N82E16834847835,Lenovo,"Lenovo ThinkPad T490s 20NX002HUS 14"" Touchscreen LCD Notebook - Intel Core i7 (8th Gen) i7-8565U 1.80 GHz - 16 GB - 512 GB SSD - Windows 10 Pro 64-bit - 1920 x 1080 - In-plane Switching (IPS) Techn...","$2,049.99",,$2.99 Shipping,5,https://www.newegg.com/p/N82E16834847835?Item=N82E16834847835,//c1.neweggimages.com/NeweggImage/ProductImageCompressAll300/A24G_1_201907161255718759.jpg
146,Item=2WC-000J-008H8,Lenovo,"Lenovo ThinkPad T590 15.6"" FHD Laptop i5-8365U 8GB 256GB SSD Win10P 20N4002PUS","$1,631.99",,$2.99 Shipping,5,https://www.newegg.com/p/2WC-000J-008H8?Item=2WC-000J-008H8,//c1.neweggimages.com/NeweggImage/ProductImageCompressAll300/A0ZX_1_20191001643431300.jpg
147,Item=1XV-0001-00PC3,Lenovo,"Lenovo ThinkPad X390 Yoga 20NN0011US 13.3"" Touchscreen 2 in 1 Notebook - 1920 x 1080 - Core i7 i7-8565U - 8 GB RAM - 256 GB SSD - Black","$1,466.99",,$2.99 Shipping,5,https://www.newegg.com/p/1XV-0001-00PC3?Item=1XV-0001-00PC3,//c1.neweggimages.com/NeweggImage/ProductImageCompressAll300/A24G_1_20190719137012399.jpg
148,Item=N82E16834316503,Acer America,"Acer TravelMate P6 P648-G3-M TMP648-G3-M-52C2 14"" LCD Notebook - Intel Core i5 (7th Gen) i5-7200U Dual-core (2 Core) 2.50 GHz - 8 GB DDR4 SDRAM - 256 GB SSD - Windows 10 Pro 64-bit - 1920 x 1080 - ...","$1,161.99",,$2.99 Shipping,5,https://www.newegg.com/black-acer-travelmate-p6-tmp648-g3-m-52c2-mainstream/p/N82E16834316503?Item=N82E16834316503,//c1.neweggimages.com/NeweggImage/ProductImageCompressAll300/A19P_1_201901201240990655.jpg
149,Item=N82E16834316839,Acer America,"Acer TravelMate P6 P614-51 TMP614-51-54MK 14"" Notebook - 1920 x 1080 - Core i5 i5-8265U - 8 GB RAM - 256 GB SSD - Black","$1,078.99",,Free Shipping,5,https://www.newegg.com/p/N82E16834316839?Item=N82E16834316839,//c1.neweggimages.com/NeweggImage/ProductImageCompressAll300/V1DS_1_20200312952346015.jpg
150,Item=N82E16834316795,Acer America,"Acer TravelMate P6 P614-51TG TMP614-51TG-792V 14"" Touchscreen Notebook - 1920 x 1080 - Core i7 i7-8565U - 16 GB RAM - 512 GB SSD - Black","$1,398.99",,$2.99 Shipping,5,https://www.newegg.com/p/N82E16834316795?Item=N82E16834316795,//c1.neweggimages.com/NeweggImage/ProductImageCompressAll300/A25V_1_20190910906225930.jpg
151,Item=N82E16834316840,Acer America,"Acer TravelMate P6 P614-51 TMP614-51-7294 14"" Notebook - 1920 x 1080 - Core i7 i7-8565U - 16 GB RAM - 512 GB SSD - Black","$1,409.99",,Free Shipping,5,https://www.newegg.com/p/N82E16834316840?Item=N82E16834316840,//c1.neweggimages.com/NeweggImage/ProductImageCompressAll300/V1DS_1_202004071337565277.jpg
152,Item=1TS-0087-00003,TrekStor GmbH,"TREKSTOR Primebook P14B Notebook with Intel® Celeron® N3350 processor, Windows 10 Home, Office 365 Personal (One-Year-License)*, 14.1"" Full-HD-IPS-display, 64 GB, fingerprint sensor, M.2 SSD extension",$282.99,,$8.69 Shipping,5,https://www.newegg.com/p/1TS-0087-00003?Item=1TS-0087-00003,//c1.neweggimages.com/NeweggImage/ProductImageCompressAll300/ABDC_1320086329124968795C7iW5IY4g.jpg
153,Item=1TS-007T-00002,AOpen,"AOPEN Chromebook Commercial Tab, a Commercial Grade Chrome Tablet",$456.99,,$8.18 Shipping,5,https://www.newegg.com/p/1TS-007T-00002?Item=1TS-007T-00002,//c1.neweggimages.com/NeweggImage/ProductImageCompressAll300/A6ZP_1_20191109112156853.jpg
154,Item=2RC-004H-000B9,Toshiba,Toshiba PT274U-021008 Portege X30-D1352 - Core I5 7300U / 2.6 Ghz - Win 10 Pro - 8 Gb Ram - 256 Gb Ssd - 13.3 Inch Touchscreen 1920 X 1080 (Full Hd) - Hd Graphics 620 - Wi-Fi - Onyx Blue,"$1,497.99",,Free Shipping,5,https://www.newegg.com/p/2RC-004H-000B9?Item=2RC-004H-000B9,//c1.neweggimages.com/NeweggImage/ProductImageCompressAll300/A389_1_20181221213439222.jpg
155,Item=N82E16834316726,Acer America,"Acer TravelMate B1 B118-M TMB118-M-C8J5 11.6"" LCD Notebook - Intel Celeron N4100 Quad-core (4 Core) 1.10 GHz - 4 GB DDR4 SDRAM - 128 GB SSD - Windows 10 Pro Education 64-bit - 1366 x 768 - ComfyView",$384.99,,$2.99 Shipping,5,https://www.newegg.com/p/N82E16834316726?Item=N82E16834316726,//c1.neweggimages.com/NeweggImage/ProductImageCompressAll300/A98C_1_201906242063006691.jpg
156,Item=2WC-000J-009N7,Lenovo,"Lenovo 14"" Laptop i7-8565U 8GB 256GB SSD Windows 10 Pro","$1,765.99",,Free Shipping,5,https://www.newegg.com/p/2WC-000J-009N7?Item=2WC-000J-009N7,//c1.neweggimages.com/NeweggImage/ProductImageCompressAll300/V1DSD2003286OTDU.jpg
157,Item=1TS-000D-04V26,HP,"HP Stream 14-inch Laptop, AMD Dual-Core A4-9120E, 4GB RAM, 64GB eMMC Storage, Windows 10 S(14-ds0160nr, Pink)",$309.99,,$2.99 Shipping,5,https://www.newegg.com/p/1TS-000D-04V26?Item=1TS-000D-04V26,//c1.neweggimages.com/NeweggImage/ProductImageCompressAll300/A24G_1_201906281727971495.jpg
158,Item=N82E16834316765,Acer America,"Acer Spin 5 SP513-53N-57RE 13.3"" Touchscreen 2 in 1 Notebook - 1920 x 1080 - Core i5 i5-8265U - 8 GB RAM - 256 GB SSD - Steel Gray",$853.99,,$2.99 Shipping,5,https://www.newegg.com/p/N82E16834316765?Item=N82E16834316765,//c1.neweggimages.com/NeweggImage/ProductImageCompressAll300/34-316-765-S01.jpg
159,Item=N82E16834316793,Acer America,"Acer Predator Triton 900 PT917-71-78FC 17.3"" Touchscreen Gaming Notebook - 3840 x 2160 - Core i7 i7-9750H - 32 GB RAM - 1 TB SSD - Black","$4,334.99",,$2.99 Shipping,5,https://www.newegg.com/p/N82E16834316793?Item=N82E16834316793,//c1.neweggimages.com/NeweggImage/ProductImageCompressAll300/34-316-793-S01.jpg
160,Item=N82E16834316694,Acer America,"Acer TravelMate Spin B1 B118-G2-R TMB118-G2-R-C9RJ 11.6"" Touchscreen LCD 2 in 1 Notebook - Intel Celeron N4100 Quad-core (4 Core) 1.10 GHz - 4 GB DDR4 SDRAM - 128 GB SSD - Windows 10 Pro Education ...",$511.99,,$2.99 Shipping,5,https://www.newegg.com/p/N82E16834316694?Item=N82E16834316694,//c1.neweggimages.com/NeweggImage/ProductImageCompressAll300/34-316-694-S01.jpg
161,Item=N82E16834847980,Lenovo,"Lenovo ThinkPad T490 20N20025US 14"" Notebook - 2560 x 1440 - Core i7 i7-8565U - 16 GB RAM - 1 TB SSD - Glossy Black","$2,241.99",,$2.99 Shipping,5,https://www.newegg.com/p/N82E16834847980?Item=N82E16834847980,//c1.neweggimages.com/NeweggImage/ProductImageCompressAll300/34-847-980-S01.jpg
162,Item=N82E16834845477,Lenovo,"Lenovo ThinkPad X1 Carbon 7th Gen 20QD0004US 14"" Ultrabook - 2560 x 1440 - Core i7 i7-8665U - 16 GB RAM - 256 GB SSD","$2,118.99",,$2.99 Shipping,5,https://www.newegg.com/p/N82E16834845477?Item=N82E16834845477,//c1.neweggimages.com/NeweggImage/ProductImageCompressAll300/34-845-477-S01.jpg
163,Item=N82E16834155417,MSI,"MSI Laptop Creator 15M A10SE-421 Intel Core i7 10th Gen 10750H (2.60 GHz) 16 GB Memory 1 TB SSD NVIDIA GeForce RTX 2060 15.6"" Windows 10 Pro 64-bit","$1,499.00",Release Date: 04/20/2020,$2.99 Shipping,5,https://www.newegg.com/silver-msi-creator-15m-a10se-421-gaming-entertainment/p/N82E16834155417?Item=N82E16834155417,//c1.neweggimages.com/NeweggImage/ProductImageCompressAll300/34-155-417-V21.jpg
164,Item=1TS-000E-0EGX6,Lenovo,"Lenovo ThinkPad P53 20QN0016US 15.6"" Touchscreen Mobile Workstation - 1920 x 1080 - Xeon E-2276M - 32 GB RAM - 512 GB SSD - Midnight Black","$4,999.00",,$2.99 Shipping,5,https://www.newegg.com/p/1TS-000E-0EGX6?Item=1TS-000E-0EGX6,//c1.neweggimages.com/NeweggImage/ProductImageCompressAll300/A6ZP_1_202004011860652101.jpg
165,Item=1TS-000E-0EHB5,Lenovo,"Lenovo ThinkPad P53s 20N60022US 15.6"" Touchscreen Mobile Workstation - 1920 x 1080 - Core i7 i7-8565U - 16 GB RAM - 512 GB SSD - Glossy Black","$2,097.99",,$9.18 Shipping,5,https://www.newegg.com/p/1TS-000E-0EHB5?Item=1TS-000E-0EHB5,//c1.neweggimages.com/NeweggImage/ProductImageCompressAll300/A6ZPD200330L06T9.jpg
166,Item=N82E16834155382,MSI,"MSI Laptop Modern 14 A10RAS-883 Intel Core i7 10th Gen 10510U (1.80 GHz) 8 GB Memory 512 GB NVMe SSD NVIDIA GeForce MX330 14.0"" Windows 10 Home 64-bit",$899.00,,$2.99 Shipping,5,https://www.newegg.com/grey-with-blue-diamond-cut-msi-modern-14-a10ras-883-mainstream/p/N82E16834155382?Item=N82E16834155382,//c1.neweggimages.com/NeweggImage/ProductImageCompressAll300/34-155-382-S19.jpg
167,Item=1TS-000E-0EGR7,Lenovo,"Lenovo IdeaPad S540-14IML Touch 81V00002US 14"" Notebook - 1920 x 1080 - Core i7 - 12 GB RAM - 512 GB SSD - Mineral Gray",$961.99,,$2.99 Shipping,5,https://www.newegg.com/p/1TS-000E-0EGR7?Item=1TS-000E-0EGR7,//c1.neweggimages.com/NeweggImage/ProductImageCompressAll300/cs.jpg
168,Item=N82E16834233321,GIGABYTE,"GIGABYTE AERO 17 HDR XB-8US4130SP, 17.3"" 4K/UHD Gaming Laptop, Intel Core i7-10875H, RTX 2070 Super Max-Q, 16 GB Memory, 512 GB SSD","$2,899.00",Release Date: 04/15/2020,Free Shipping,5,https://www.newegg.com/p/N82E16834233321?Item=N82E16834233321,//c1.neweggimages.com/NeweggImage/ProductImageCompressAll300/34-233-321-V21.jpg
169,Item=1TS-000A-09RJ4,DELL,"Dell - G3 15.6"" Gaming Laptop - Intel Core i7 9750H - 16GB Memory - NVIDIA GeForce GTX 1660Ti - 512GB SSD. Windows 10","$1,313.99",,$2.99 Shipping,5,https://www.newegg.com/p/1TS-000A-09RJ4?Item=1TS-000A-09RJ4,//c1.neweggimages.com/NeweggImage/ProductImageCompressAll300/AKVH_1_201911051347091601.jpg
170,Item=N82E16834316860,Acer America,"Acer ConceptD 7 CN715-71-71TE 15.6"" Notebook - 3840 x 2160 - Core i7 i7-9750H - 16 GB RAM - 1 TB SSD - White","$2,601.99",,$8.06 Shipping,5,https://www.newegg.com/p/N82E16834316860?Item=N82E16834316860,//c1.neweggimages.com/NeweggImage/ProductImageCompressAll300/A24G_1_20200115925891275.jpg
171,Item=1TS-000E-0EH58,Lenovo,"Lenovo ThinkPad P1 Gen 2 20QT001SUS 15.6"" Mobile Workstation - 3840 x 2160 - Core i7 i7-9850H - 16 GB RAM - 1 TB SSD - Midnight Black","$2,949.00",,$2.99 Shipping,5,https://www.newegg.com/p/1TS-000E-0EH58?Item=1TS-000E-0EH58,//c1.neweggimages.com/NeweggImage/ProductImageCompressAll300/V2CK_1_201908121794104202.jpg
172,Item=N82E16834316906,Acer America,"Acer Laptop ConceptD 5 Pro CN515-71P-71B6 Intel Core i7 9750H (2.60 GHz) 16 GB Memory 512 GB SSD NVIDIA Quadro T1000 15.6"" 64-bit Windows 10 Pro","$1,999.99",,$2.99 Shipping,5,https://www.newegg.com/black-acer-conceptd-5-pro-cn515-71p-71b6/p/N82E16834316906?Item=N82E16834316906,//c1.neweggimages.com/NeweggImage/ProductImageCompressAll300/34-316-906-S01.jpg
173,Item=N82E16834233320,GIGABYTE,"GIGABYTE AERO 17 HDR XB-9US4450SP, 17.3"" 4K/UHD Gaming Laptop, Intel Core i9-10980HK, RTX 2070 Super Max-Q, 32 GB Memory, 1 TB SSD","$3,399.00",Release Date: 04/15/2020,Free Shipping,5,https://www.newegg.com/p/N82E16834233320?Item=N82E16834233320,//c1.neweggimages.com/NeweggImage/ProductImageCompressAll300/34-233-320-V21.jpg
174,Item=1TS-000E-0EGZ4,Lenovo,"Lenovo ThinkPad P1 Gen 2 20QT0010US 15.6"" Mobile Workstation - 3840 x 2160 - Core i7 i7-9750H - 16 GB RAM - 256 GB SSD - Midnight Black","$2,287.99",,$8.69 Shipping,5,https://www.newegg.com/p/1TS-000E-0EGZ4?Item=1TS-000E-0EGZ4,//c1.neweggimages.com/NeweggImage/ProductImageCompressAll300/A6ZP_1_20190812637616005.jpg
175,Item=1TS-000E-0EH03,Lenovo,"Lenovo ThinkPad P53 20QN001CUS 15.6"" Touchscreen Mobile Workstation - 1920 x 1080 - Xeon E-2276M - 32 GB RAM - 1 TB SSD - Midnight Black","$4,999.00",,$2.99 Shipping,5,https://www.newegg.com/p/1TS-000E-0EH03?Item=1TS-000E-0EH03,//c1.neweggimages.com/NeweggImage/ProductImageCompressAll300/A24G_1_202004011330532458.jpg
176,Item=N82E16834233319,GIGABYTE,"GIGABYTE AERO 17 HDR YB-8US4450SP, 17.3"" 4K/UHD Gaming Laptop, Intel Core i7-10875H, RTX 2080 Super Max-Q, 32 GB Memory, 1 TB SSD","$3,699.00",Release Date: 04/15/2020,Free Shipping,5,https://www.newegg.com/p/N82E16834233319?Item=N82E16834233319,//c1.neweggimages.com/NeweggImage/ProductImageCompressAll300/34-233-319-V21.jpg
177,Item=1HZ-00KG-00004R,Lenovo,"Open Box: Lenovo 20KH002RUS Thinkpad X1 Carbon 20Kh - Ultrabook - Core I7 8650U / 1.9 Ghz - Win 10 Pro 64-Bit - 16 Gb Ram - 512 Gb Ssd Tcg Opal Encryption 2, Nvme - 14 Inch Ips 2560 X 1440 (Wqhd) - Uhd Graphic","$1,699.99",,Free Shipping,5,https://www.newegg.com/p/1HZ-00KG-00004R?Item=1HZ-00KG-00004R,//c1.neweggimages.com/NeweggImage/ProductImageCompressAll300/AAZU_131733716379459023LcgbejiWQE.jpg
178,Item=1TS-000D-029T2R,HP,"Open Box: HP ZBook 17"" G3 Mobile Workstation - Intel Core i7 (6th Gen) i7-6820HQ Quad-core (4 Core) 2.70 GHz - 512 GB SSD - 64 GB DDR4 SDRAM","$3,999.99",,$3.99 Shipping,5,https://www.newegg.com/p/1TS-000D-029T2R?Item=1TS-000D-029T2R,//c1.neweggimages.com/NeweggImage/ProductImageCompressAll300/A24G_1_20180119411553120.jpg
179,Item=N82E16834847527,Lenovo,"Refurbished: Lenovo Grade C Laptop ThinkPad T450 Intel Core i5 5th Gen 5300U (2.30 GHz) 4 GB Memory 320 GB HDD 14.0"" Windows 10 Pro 64-bit",$196.99,,$3.99 Shipping,5,https://www.newegg.com/lenovo-thinkpad-t450/p/N82E16834847527?Item=N82E16834847527,//c1.neweggimages.com/NeweggImage/ProductImageCompressAll300/34-847-527-V02.jpg
180,Item=N82E16834845713,Lenovo,"Refurbished: Lenovo Grade A Laptop ThinkPad T460 Intel Core i5 6th Gen 6300U (2.40 GHz) 8 GB Memory 256 GB SSD Intel HD Graphics 520 14.0"" Windows 10 Home 64-bit Multi-language",$391.99,,$2.99 Shipping,6,https://www.newegg.com/lenovo-thinkpad-t460/p/N82E16834845713?Item=N82E16834845713,//c1.neweggimages.com/NeweggImage/ProductImageCompressAll300/34-845-713-V03.jpg
181,Item=N82E16834843135,DELL,"Refurbished: Dell Grade A Latitude E7250 12.5"" Laptop Intel Core i5 5th Gen 5300U (2.30 GHz) 8 GB DDR3L 240 GB SSD Windows 10 Home 64-bit (Multi-language)",$379.99,,$2.99 Shipping,6,https://www.newegg.com/dell-latitude-e7250-mainstream/p/N82E16834843135?Item=N82E16834843135,//c1.neweggimages.com/NeweggImage/ProductImageCompressAll300/34-843-135-01.jpg
182,Item=N82E16834269156,HP,"Refurbished: HP Laptop (Grade C Scratch & Dent) EliteBook 8460p Intel Core i5 2nd Gen 2520M (2.50 GHz) 4 GB Memory 250 GB HDD 14.0"" Windows 10 Pro 64-bit",$123.99,,$2.99 Shipping,6,https://www.newegg.com/hp-elitebook-8460p/p/N82E16834269156?Item=N82E16834269156,//c1.neweggimages.com/NeweggImage/ProductImageCompressAll300/34-269-156-Z08.jpg
183,Item=N82E16834844693,DELL,"Refurbished: Refurbished: Dell Grade A Latitude E7250, Intel Core i5-5300U 2.30 GHz, 8 GB DDR3L, 512 GB SSD, 12.5"" Screen, Windows 10 Home 64-bit",$404.99,,$2.99 Shipping,6,https://www.newegg.com/black-dell-latitude-e7250/p/N82E16834844693?Item=N82E16834844693,//c1.neweggimages.com/NeweggImage/ProductImageCompressAll300/34-844-693-01.jpg
184,Item=N82E16834294854,DELL,"Refurbished: Refurbished Dell Latitude E6520 15.6"" Intel Core i5-2520M 2.5GHz 8GB DDR3 1TB DVD Windows 10 Professional 64 Bits 1 Year Warranty",$339.99,,$2.99 Shipping,6,https://www.newegg.com/gray-dell-latitude-e6520/p/N82E16834294854?Item=N82E16834294854,//c1.neweggimages.com/ProductImageCompressAll300/34-294-854-V01.jpg
185,Item=2SN-0001-00UE2,Apple,"Refurbished: Apple 13"" MacBook Air Retina display, 1.6GHz dual-core Intel Core i5, 128GB - Space Gray",$849.99,,$2.99 Shipping,6,https://www.newegg.com/space-gray-apple-macbook-air-mre82ll-a/p/2SN-0001-00UE2?Item=2SN-0001-00UE2,//c1.neweggimages.com/NeweggImage/ProductImageCompressAll300/ABVC_1_201901031539393965.jpg
186,Item=N82E16834294855,DELL,"Refurbished: DELL Laptop Latitude E6520 Intel Core i5 2nd Gen 2520M (2.50 GHz) 8 GB Memory 240 GB SSD Intel HD Graphics 3000 15.6"" Windows 10 Pro 64-bit",$338.99,,$2.99 Shipping,6,https://www.newegg.com/gray-dell-latitude-e6520/p/N82E16834294855?Item=N82E16834294855,//c1.neweggimages.com/ProductImageCompressAll300/34-294-855-V01.jpg
187,Item=N82E16834269157,HP,"Refurbished: HP Laptop (Grade C Scratch & Dent) EliteBook 8470P Intel Core i5 3rd Gen 3320M (2.60 GHz) 4 GB Memory 250 GB HDD 14.0"" Windows 10 Pro 64-Bit",$136.99,,$2.99 Shipping,6,https://www.newegg.com/hp-elitebook-8470p/p/N82E16834269157?Item=N82E16834269157,//c1.neweggimages.com/NeweggImage/ProductImageCompressAll300/34-269-157-Z01.jpg
188,Item=N82E16834844706,DELL,"Refurbished: Refurbished Dell Grade A Latitude E6230 Laptop, Intel Core I5 3320M 2.6GHz, 8G DDR3, 1T, WIFI, 12INCH, Win 10 Home 64-bit Multi-Language, 1 Year Warranty",$324.99,,$2.99 Shipping,6,https://www.newegg.com/black-dell-latitude-e6230/p/N82E16834844706?Item=N82E16834844706,//c1.neweggimages.com/NeweggImage/ProductImageCompressAll300/34-844-706-01.jpg
189,Item=N82E16834319123,Lenovo,"Refurbished: Lenovo Laptop T430 Intel Core i5 3320M (2.60 GHz) 8 GB Memory 180 GB SSD Intel HD Graphics 4000 14.0"" Windows 10 Pro 64-Bit",$286.99,,$3.99 Shipping,6,https://www.newegg.com/lenovo-t430/p/N82E16834319123?Item=N82E16834319123,//c1.neweggimages.com/ProductImageCompressAll300/34-319-123-09.jpg
190,Item=N82E16834271683,HP,"Refurbished: HP Grade A Probook 640 G1 14.0"" Laptop Intel Core i5 4th Gen 4200M (2.50 GHz) 16 GB DDR3L 360 GB SSD WIFI Windows 10 Home 64-bit (Multi-language)",$449.99,,$2.99 Shipping,6,https://www.newegg.com/hp-probook-640-g1-mainstream/p/N82E16834271683?Item=N82E16834271683,//c1.neweggimages.com/NeweggImage/ProductImageCompressAll300/34-271-683-01.jpg
191,Item=N82E16834845714,Lenovo,"Refurbished: Lenovo Grade A Laptop ThinkPad T460 Intel Core i5 6th Gen 6300U (2.40 GHz) 8 GB Memory 500 GB HDD Intel HD Graphics 520 14.0"" Windows 10 Home 64-bit Multi-language",$362.99,,$2.99 Shipping,6,https://www.newegg.com/lenovo-thinkpad-t460/p/N82E16834845714?Item=N82E16834845714,//c1.neweggimages.com/NeweggImage/ProductImageCompressAll300/34-845-714-V03.jpg
192,Item=N82E16834271688,HP,"Refurbished: HP Grade A Probook 640 G1 14.0"" Laptop Intel Core i5 4th Gen 4200M (2.50 GHz) 8 GB DDR3L 360 GB SSD WIFI Windows 10 Home 64-bit (Multi-language)",$379.99,,$2.99 Shipping,6,https://www.newegg.com/hp-probook-640-g1-mainstream/p/N82E16834271688?Item=N82E16834271688,//c1.neweggimages.com/NeweggImage/ProductImageCompressAll300/34-271-688-01.jpg
193,Item=N82E16834296483,DELL,"Refurbished: DELL Laptop Latitude E6430 Intel Core i7 3rd Gen 3520M (2.90 GHz) 16 GB Memory 256 GB SSD 14.0"" Windows 10 Pro 64-Bit",$399.99,,$2.99 Shipping,6,https://www.newegg.com/gray-dell-latitude-e6430-mainstream/p/N82E16834296483?Item=N82E16834296483,//c1.neweggimages.com/ProductImageCompressAll300/34-296-483-04.jpg
194,Item=N82E16834845843,Lenovo,"Refurbished: Lenovo Grade A Laptop T470P Intel Core i7 7th Gen 7820HQ (2.90 GHz) 16 GB Memory 1 TB M.2 NVMe SSD 14.0"" Touchscreen Windows 10 Pro 64-bit",$774.99,OUT OF STOCK,$2.99 Shipping,6,https://www.newegg.com/lenovo-t470p/p/N82E16834845843?Item=N82E16834845843,//c1.neweggimages.com/NeweggImage/ProductImageCompressAll300/34-845-843-V01.jpg
195,Item=N82E16834844857,DELL,"Refurbished: Refurbished Dell Grade A Latitude E5450 14"" Laptop, Intel Core I5-5200U 2.2 GHz, 8GB Memory, 1T, WIFI, Windows 10 Home 64-bit (Multi-language), 1 Year Warranty",$389.99,,$2.99 Shipping,6,https://www.newegg.com/dell-latitude-e5450-mainstream/p/N82E16834844857?Item=N82E16834844857,//c1.neweggimages.com/NeweggImage/ProductImageCompressAll300/34-844-857-V01.jpg
196,Item=N82E16834846286,DELL,"Refurbished: DELL Grade A Laptop Latitude E5470 Intel Core i5 6th Gen 6300U (2.40 GHz) 8 GB Memory 512 GB SSD 14.0"" Windows 10 Pro 64-bit 1 Year Warranty",$468.99,,$2.99 Shipping,6,https://www.newegg.com/dell-latitude-e5470/p/N82E16834846286?Item=N82E16834846286,//c1.neweggimages.com/NeweggImage/ProductImageCompressAll300/34-846-286-V04.jpg
197,Item=N82E16834944326,DELL,"Refurbished: DELL Grade B Laptop E7250 Intel Core i7 5th Gen 5600U (2.60 GHz) 8 GB Memory 256 GB SSD 12.5"" Windows 10 Pro 64-Bit",$290.99,,$2.99 Shipping,6,https://www.newegg.com/black-dell-e7250/p/N82E16834944326?Item=N82E16834944326,//c1.neweggimages.com/NeweggImage/ProductImageCompressAll300/AHP5_1_201809121535792637.jpg
198,Item=N82E16834295285,DELL,"Refurbished: DELL Laptop Precision M4700 Intel Core i7 3rd Gen 3720QM (2.60 GHz) 16 GB Memory 256 GB SSD 15.6"" Windows 10 Pro 64-Bit",$464.99,,$2.99 Shipping,6,https://www.newegg.com/dell-precision-m4700/p/N82E16834295285?Item=N82E16834295285,//c1.neweggimages.com/ProductImageCompressAll300/34-295-285-04.jpg
199,Item=N82E16834318465,Lenovo,"Refurbished: Lenovo Laptop T430 Intel Core i5 3rd Gen 3320M (2.60 GHz) 8 GB Memory 180 GB SSD Intel HD Graphics 4000 14.0"" Windows 10 Pro 64-Bit",$286.99,,$3.99 Shipping,6,https://www.newegg.com/lenovo-t430/p/N82E16834318465?Item=N82E16834318465,//c1.neweggimages.com/ProductImageCompressAll300/34-318-465-04.jpg
200,Item=N82E16834296821,DELL,"Refurbished: DELL Laptop Latitude E6440 Intel Core i5 4th Gen 4300M (2.60 GHz) 8 GB Memory 256 GB SSD 14.0"" Windows 10 Pro 64-Bit",$380.99,,$2.99 Shipping,6,https://www.newegg.com/black-dell-latitude-e6440/p/N82E16834296821?Item=N82E16834296821,//c1.neweggimages.com/ProductImageCompressAll300/34-296-821-04.jpg
201,Item=N82E16834849843,DELL,"Refurbished: DELL Grade A Laptop Latitude E5470 Intel Core i5 6th Gen 6300U (2.40 GHz) 8 GB Memory 500 GB SSD 14.0"" Windows 10 Pro 64-bit",$469.99,,$2.99 Shipping,6,https://www.newegg.com/dell-latitude-e5470/p/N82E16834849843?Item=N82E16834849843,//c1.neweggimages.com/NeweggImage/ProductImageCompressAll300/34-849-843-V06.jpg
202,Item=N82E16834849842,DELL,"Refurbished: DELL Grade A Laptop E5470 Intel Core i5 6th Gen 6300U (2.40 GHz) 8 GB Memory 256 GB SSD 14.0"" Windows 10 Pro 64-bit",$439.99,,$2.99 Shipping,6,https://www.newegg.com/dell-e5470/p/N82E16834849842?Item=N82E16834849842,//c1.neweggimages.com/NeweggImage/ProductImageCompressAll300/34-849-842-V04.jpg
203,Item=N82E16834847793,Lenovo,"Refurbished: Lenovo Grade A Laptop ThinkPad T440s Intel Core i5 4th Gen 4300U (1.90 GHz) 12 GB Memory 512 GB SSD 14.0"" Windows 10 Pro 64-bit",$474.99,,$2.99 Shipping,6,https://www.newegg.com/lenovo-thinkpad-t440s/p/N82E16834847793?Item=N82E16834847793,//c1.neweggimages.com/NeweggImage/ProductImageCompressAll300/34-847-793-V01.jpg
204,Item=N82E16834269564,HP,"Refurbished: HP Grade A Laptop 840 G3 Intel Core i5 6th Gen 6300U (2.40 GHz) 8 GB Memory 240 GB SSD 14.0"" Windows 10 Pro 64-Bit",$434.99,,$2.99 Shipping,6,https://www.newegg.com/hp-840-g3/p/N82E16834269564?Item=N82E16834269564,//c1.neweggimages.com/NeweggImage/ProductImageCompressAll300/34-269-564-V04.jpg
205,Item=N82E16834271753,HP,"Refurbished: HP Grade A Elitebook Folio 9480M 14.0"" Laptop Intel Core i5 4th Gen 4310U (2.00 GHz) 8 GB DDR3L 512 GB SSD WIFI Windows 10 Home 64-bit (Multi-language)",$389.99,,$2.99 Shipping,6,https://www.newegg.com/hp-elitebook-folio-9480m-mainstream/p/N82E16834271753?Item=N82E16834271753,//c1.neweggimages.com/NeweggImage/ProductImageCompressAll300/34-271-753-01.jpg
206,Item=N82E16834316866,Acer America,"Refurbished: Acer Laptop Spin 3 SP314-53N-77AJ Intel Core i7 8th Gen 8565U (1.80 GHz) 16 GB Memory 512 GB SSD Intel UHD Graphics 620 14.0"" Windows 10 Home 64-bit",$664.99,,$2.99 Shipping,6,https://www.newegg.com/acer-spin-3-sp314-53n-77aj-mainstream/p/N82E16834316866?Item=N82E16834316866,//c1.neweggimages.com/NeweggImage/ProductImageCompressAll300/34-316-866-S03.jpg
207,Item=N82E16834272025,HP,"Refurbished: HP Grade A Laptop EliteBook 8440P Intel Core i5 1st Gen 520M (2.40 GHz) 4 GB Memory 320 GB HDD Intel HD Graphics 14.0"" Windows 10 Home 64-bit Multi-language",$260.99,,$2.99 Shipping,6,https://www.newegg.com/hp-elitebook-8440p/p/N82E16834272025?Item=N82E16834272025,//c1.neweggimages.com/NeweggImage/ProductImageCompressAll300/34-272-025-V03.jpg
208,Item=N82E16834944864,DELL,"Refurbished: DELL Grade A Laptop Precision 7510 Intel Core i7 6th Gen 6820HQ (2.70 GHz) 16 GB Memory 512 GB SSD 15.6"" Windows 10 Pro 64-Bit",$808.99,,$2.99 Shipping,6,https://www.newegg.com/dell-precision-7510/p/N82E16834944864?Item=N82E16834944864,//c1.neweggimages.com/NeweggImage/ProductImageCompressAll300/34-944-864-Z01.jpg
209,Item=N82E16834845711,Lenovo,"Refurbished: Lenovo Grade A Laptop ThinkPad T460 Intel Core i5 6th Gen 6300U (2.40 GHz) 16 GB Memory 256 GB SSD Intel HD Graphics 520 14.0"" Windows 10 Home 64-bit Multi-language",$475.99,,$2.99 Shipping,6,https://www.newegg.com/lenovo-thinkpad-t460/p/N82E16834845711?Item=N82E16834845711,//c1.neweggimages.com/NeweggImage/ProductImageCompressAll300/34-845-711-V03.jpg
210,Item=N82E16834271534,HP,"Refurbished: Refurbished HP Grade A Elitebook 745G2 14"" Laptop, AMD A10-7350B 2.1 GHz, 8GB Memory, 1T, WIFI, Windows 10 Home 64-bit (Multi-language), 1 Year Warranty",$359.99,,$2.99 Shipping,6,https://www.newegg.com/hp-elitebook-745g2-mainstream/p/N82E16834271534?Item=N82E16834271534,//c1.neweggimages.com/NeweggImage/ProductImageCompressAll300/34-271-534-V01.jpg
211,Item=N82E16834847578,Lenovo,"Refurbished: Lenovo/X240/Core i5-4200U 1.6GHz/8GB Ram/128GB SSD/12.5""/Win10P64/B GRADE",$229.99,,$2.99 Shipping,6,https://www.newegg.com/gray-lenovo-x240-everyday-value/p/N82E16834847578?Item=N82E16834847578,//c1.neweggimages.com/NeweggImage/ProductImageCompressAll300/34-847-578-S04.jpg
212,Item=N82E16834844679,DELL,"Refurbished: Refurbished: Dell Grade A Latitude E6230, Intel Core I5-3320M 2.6GHz, 8G DDR3, 512G SSD, Win 10 Home 64-bit, 1 Year Warranty",$345.99,,$2.99 Shipping,6,https://www.newegg.com/black-dell-latitude-e6230/p/N82E16834844679?Item=N82E16834844679,//c1.neweggimages.com/NeweggImage/ProductImageCompressAll300/34-844-679-01.jpg
213,Item=N82E16834845521,Lenovo,"Refurbished: Lenovo Grade A ThinkPad T460 14.0"" Laptop Intel Core i5 6th Gen 6300U (2.40 GHz) 16 GB DDR3L 512 GB SSD WIFI Bluetooth Windows 10 Home 64-bit (Multi-language)",$549.99,,$2.99 Shipping,6,https://www.newegg.com/lenovo-thinkpad-t460-mainstream/p/N82E16834845521?Item=N82E16834845521,//c1.neweggimages.com/NeweggImage/ProductImageCompressAll300/34-845-521-S01.jpg
214,Item=N82E16834845393,Lenovo,"Refurbished: Lenovo Laptop X1 Carbon Core i7 5600U (2.60 GHz) 8 GB Memory 480 SSD 14.0"" Windows 10",$519.99,,$2.99 Shipping,6,https://www.newegg.com/gray-lenovo-x1-carbon-workstation/p/N82E16834845393?Item=N82E16834845393,//c1.neweggimages.com/NeweggImage/ProductImageCompressAll300/34-845-393-V04.jpg
215,Item=N82E16834944261,DELL,"Refurbished: DELL Grade A Laptop E5570 Intel Core i5 6th Gen 6300U (2.40 GHz) 8 GB Memory 256 GB SSD 15.6"" Windows 10 Pro 64-Bit",$499.99,,$2.99 Shipping,6,https://www.newegg.com/dell-e5570/p/N82E16834944261?Item=N82E16834944261,//c1.neweggimages.com/NeweggImage/ProductImageCompressAll300/AHP5_1_20180912336884675.jpg
